0.0,126.0,22.0,5.0,116.0,184.0,31.0,133.0,180.0,132.0,257.0,256.0,37.0,51.0,42.0,30.0,149.0,46.0,10.0,101.0,225.0,96.0,34.0,186.0,134.0,50.0,26.0,143.0,41.0,243.0,129.0,222.0,137.0,128.0,104.0,28.0,127.0,149.0,152.0,144.0,131.0,120.0,128.0,109.0,28.0,67.0,37.0,243.0,222.0,30.0,97.0,37.0,258.0,24.0,22.0,170.0,132.0,57.0,235.0,112.0,54.0,151.0,112.0,64.0,189.0,254.0,134.0,26.0,45.0,111.0,135.0,189.0,42.0,125.0,113.0,40.0,125.0,118.0,36.0,108.0,168.0,149.0,155.0,142.0,103.0,100.0,127.0,99.0,220.0,23.0,16.0,139.0,85.0,242.0,47.0,143.0,143.0,19.0,45.0,115.0,97.0,140.0,32.0,135.0,132.0,143.0,175.0,133.0,128.0,131.0
122.0,0.0,123.0,127.0,136.0,267.0,130.0,64.0,80.0,61.0,154.0,153.0,124.0,110.0,143.0,116.0,232.0,144.0,114.0,138.0,112.0,179.0,140.0,95.0,23.0,136.0,111.0,60.0,143.0,140.0,86.0,201.0,54.0,71.0,71.0,134.0,204.0,69.0,235.0,30.0,20.0,49.0,2.0,54.0,118.0,118.0,139.0,140.0,201.0,143.0,180.0,131.0,155.0,115.0,139.0,66.0,57.0,99.0,132.0,189.0,107.0,86.0,195.0,121.0,98.0,151.0,51.0,132.0,119.0,26.0,21.0,112.0,112.0,56.0,38.0,146.0,56.0,43.0,110.0,48.0,74.0,67.0,79.0,60.0,186.0,137.0,3.0,182.0,107.0,129.0,138.0,63.0,168.0,139.0,114.0,29.0,29.0,125.0,143.0,126.0,180.0,62.0,106.0,64.0,65.0,70.0,258.0,62.0,65.0,64.0
22.0,124.0,0.0,27.0,108.0,181.0,53.0,131.0,172.0,130.0,255.0,254.0,59.0,68.0,34.0,22.0,146.0,38.0,18.0,93.0,217.0,93.0,26.0,178.0,138.0,46.0,18.0,135.0,33.0,241.0,137.0,230.0,135.0,136.0,112.0,30.0,124.0,141.0,149.0,142.0,135.0,118.0,126.0,117.0,20.0,59.0,29.0,241.0,230.0,43.0,94.0,29.0,256.0,16.0,44.0,162.0,130.0,49.0,233.0,109.0,65.0,159.0,109.0,56.0,181.0,252.0,132.0,18.0,37.0,119.0,133.0,181.0,34.0,123.0,111.0,36.0,123.0,116.0,28.0,116.0,160.0,141.0,147.0,150.0,100.0,92.0,125.0,96.0,215.0,19.0,38.0,137.0,82.0,240.0,69.0,141.0,141.0,11.0,37.0,107.0,94.0,132.0,40.0,127.0,140.0,135.0,172.0,131.0,136.0,139.0
5.0,131.0,27.0,0.0,114.0,181.0,26.0,138.0,185.0,137.0,262.0,261.0,32.0,46.0,40.0,35.0,146.0,44.0,15.0,99.0,230.0,93.0,32.0,191.0,139.0,47.0,31.0,148.0,39.0,248.0,134.0,227.0,142.0,133.0,109.0,25.0,124.0,154.0,149.0,149.0,136.0,125.0,133.0,114.0,33.0,65.0,35.0,248.0,227.0,25.0,94.0,35.0,263.0,29.0,17.0,175.0,137.0,62.0,240.0,109.0,49.0,156.0,109.0,62.0,194.0,259.0,139.0,29.0,50.0,116.0,140.0,194.0,47.0,130.0,118.0,37.0,130.0,123.0,41.0,113.0,173.0,154.0,160.0,147.0,100.0,98.0,132.0,96.0,225.0,20.0,11.0,144.0,82.0,247.0,42.0,148.0,148.0,24.0,43.0,113.0,94.0,145.0,37.0,140.0,137.0,148.0,172.0,138.0,133.0,136.0
95.0,144.0,73.0,100.0,0.0,203.0,126.0,151.0,202.0,150.0,275.0,274.0,132.0,141.0,92.0,95.0,168.0,92.0,91.0,57.0,243.0,115.0,88.0,209.0,158.0,74.0,91.0,165.0,91.0,261.0,194.0,287.0,155.0,193.0,169.0,99.0,121.0,172.0,171.0,162.0,155.0,138.0,146.0,174.0,93.0,68.0,87.0,261.0,287.0,107.0,116.0,79.0,276.0,89.0,117.0,192.0,150.0,108.0,253.0,106.0,138.0,216.0,131.0,71.0,212.0,272.0,152.0,90.0,110.0,158.0,153.0,212.0,107.0,143.0,131.0,84.0,143.0,136.0,101.0,173.0,190.0,172.0,178.0,195.0,122.0,48.0,145.0,118.0,238.0,92.0,111.0,157.0,104.0,260.0,142.0,161.0,161.0,84.0,91.0,22.0,116.0,163.0,113.0,158.0,197.0,166.0,194.0,151.0,193.0,196.0
183.0,260.0,179.0,183.0,206.0,0.0,191.0,267.0,318.0,266.0,391.0,390.0,197.0,211.0,168.0,187.0,102.0,168.0,179.0,191.0,359.0,96.0,164.0,325.0,274.0,141.0,183.0,281.0,167.0,377.0,298.0,391.0,271.0,297.0,273.0,158.0,141.0,288.0,104.0,278.0,271.0,254.0,262.0,278.0,185.0,184.0,163.0,377.0,391.0,164.0,97.0,155.0,392.0,181.0,188.0,308.0,266.0,214.0,369.0,137.0,214.0,320.0,94.0,187.0,328.0,388.0,268.0,166.0,202.0,274.0,269.0,328.0,199.0,259.0,247.0,147.0,259.0,252.0,193.0,277.0,306.0,288.0,294.0,311.0,95.0,190.0,261.0,91.0,354.0,166.0,186.0,273.0,134.0,376.0,207.0,277.0,277.0,168.0,167.0,215.0,97.0,279.0,201.0,274.0,301.0,282.0,9.0,267.0,297.0,300.0
31.0,130.0,53.0,26.0,131.0,192.0,0.0,137.0,188.0,136.0,261.0,260.0,6.0,20.0,57.0,61.0,157.0,61.0,41.0,116.0,229.0,104.0,49.0,195.0,138.0,58.0,57.0,151.0,56.0,247.0,133.0,225.0,141.0,132.0,108.0,42.0,135.0,158.0,160.0,148.0,135.0,124.0,132.0,113.0,59.0,82.0,52.0,247.0,225.0,29.0,105.0,52.0,262.0,55.0,9.0,178.0,136.0,72.0,239.0,120.0,23.0,155.0,120.0,79.0,198.0,258.0,138.0,47.0,76.0,115.0,139.0,198.0,73.0,129.0,117.0,48.0,129.0,122.0,67.0,112.0,176.0,158.0,164.0,146.0,111.0,115.0,131.0,107.0,224.0,38.0,15.0,143.0,93.0,246.0,16.0,147.0,147.0,46.0,60.0,130.0,105.0,149.0,61.0,144.0,136.0,152.0,183.0,137.0,132.0,135.0
124.0,64.0,111.0,129.0,115.0,255.0,133.0,0.0,63.0,15.0,196.0,195.0,127.0,113.0,131.0,113.0,220.0,132.0,116.0,126.0,110.0,167.0,128.0,71.0,75.0,124.0,113.0,26.0,131.0,182.0,137.0,240.0,31.0,123.0,112.0,136.0,192.0,34.0,223.0,83.0,72.0,15.0,66.0,103.0,108.0,106.0,127.0,182.0,240.0,145.0,168.0,119.0,197.0,117.0,142.0,53.0,15.0,87.0,174.0,177.0,110.0,138.0,183.0,109.0,74.0,193.0,30.0,129.0,109.0,75.0,74.0,74.0,102.0,12.0,26.0,134.0,14.0,21.0,100.0,97.0,51.0,34.0,40.0,112.0,174.0,125.0,65.0,170.0,106.0,130.0,140.0,22.0,156.0,181.0,117.0,82.0,82.0,122.0,131.0,114.0,168.0,25.0,108.0,20.0,117.0,28.0,246.0,16.0,117.0,116.0
167.0,73.0,149.0,172.0,153.0,293.0,178.0,64.0,0.0,71.0,204.0,203.0,172.0,158.0,169.0,151.0,258.0,170.0,159.0,164.0,60.0,205.0,166.0,21.0,81.0,162.0,156.0,38.0,169.0,190.0,136.0,271.0,80.0,126.0,133.0,179.0,230.0,38.0,261.0,75.0,82.0,71.0,75.0,123.0,146.0,144.0,165.0,190.0,271.0,188.0,206.0,157.0,205.0,156.0,187.0,20.0,71.0,125.0,182.0,215.0,155.0,136.0,221.0,147.0,18.0,201.0,71.0,167.0,147.0,96.0,66.0,38.0,140.0,68.0,78.0,172.0,70.0,73.0,138.0,118.0,17.0,32.0,48.0,110.0,212.0,163.0,74.0,208.0,61.0,168.0,183.0,78.0,194.0,189.0,162.0,71.0,74.0,160.0,169.0,152.0,206.0,41.0,153.0,47.0,120.0,47.0,284.0,72.0,120.0,119.0
123.0,61.0,115.0,128.0,122.0,259.0,132.0,15.0,70.0,0.0,193.0,192.0,126.0,112.0,135.0,115.0,224.0,136.0,115.0,130.0,118.0,171.0,132.0,79.0,72.0,128.0,112.0,33.0,135.0,179.0,135.0,239.0,24.0,120.0,111.0,135.0,196.0,44.0,227.0,80.0,69.0,14.0,63.0,100.0,110.0,110.0,131.0,179.0,239.0,144.0,172.0,123.0,194.0,116.0,141.0,60.0,10.0,91.0,171.0,181.0,109.0,135.0,187.0,113.0,82.0,190.0,33.0,133.0,111.0,72.0,71.0,86.0,104.0,11.0,23.0,138.0,13.0,18.0,102.0,94.0,58.0,44.0,52.0,109.0,178.0,129.0,62.0,174.0,113.0,130.0,139.0,15.0,160.0,178.0,116.0,79.0,79.0,126.0,135.0,118.0,172.0,35.0,107.0,32.0,114.0,40.0,250.0,1.0,114.0,113.0
206.0,124.0,198.0,211.0,211.0,342.0,215.0,148.0,137.0,145.0,0.0,184.0,209.0,195.0,218.0,198.0,307.0,219.0,198.0,213.0,163.0,254.0,215.0,154.0,117.0,211.0,195.0,145.0,218.0,171.0,172.0,322.0,129.0,162.0,169.0,218.0,279.0,154.0,310.0,111.0,118.0,133.0,126.0,159.0,193.0,193.0,214.0,171.0,322.0,227.0,255.0,206.0,13.0,199.0,224.0,125.0,141.0,174.0,163.0,264.0,192.0,172.0,270.0,196.0,155.0,182.0,126.0,216.0,194.0,146.0,102.0,167.0,187.0,140.0,122.0,221.0,140.0,127.0,185.0,161.0,141.0,152.0,164.0,146.0,261.0,212.0,125.0,257.0,158.0,213.0,222.0,138.0,243.0,170.0,199.0,110.0,110.0,209.0,218.0,201.0,255.0,151.0,190.0,153.0,156.0,159.0,333.0,146.0,156.0,155.0
263.0,181.0,255.0,268.0,268.0,399.0,272.0,205.0,194.0,202.0,232.0,0.0,266.0,252.0,275.0,255.0,364.0,276.0,255.0,270.0,220.0,311.0,272.0,211.0,174.0,268.0,252.0,202.0,275.0,93.0,229.0,379.0,186.0,219.0,226.0,275.0,336.0,211.0,367.0,168.0,175.0,190.0,183.0,216.0,250.0,250.0,271.0,93.0,379.0,284.0,312.0,263.0,233.0,256.0,281.0,182.0,198.0,231.0,83.0,321.0,249.0,229.0,327.0,253.0,212.0,20.0,183.0,273.0,251.0,203.0,159.0,224.0,244.0,197.0,179.0,278.0,197.0,184.0,242.0,218.0,198.0,209.0,221.0,203.0,318.0,269.0,182.0,314.0,215.0,270.0,279.0,195.0,300.0,37.0,256.0,167.0,167.0,266.0,275.0,258.0,312.0,208.0,247.0,210.0,213.0,216.0,390.0,203.0,213.0,212.0
37.0,124.0,59.0,32.0,135.0,198.0,6.0,131.0,182.0,130.0,255.0,254.0,0.0,14.0,63.0,65.0,163.0,67.0,47.0,122.0,223.0,110.0,55.0,189.0,132.0,64.0,60.0,145.0,62.0,241.0,127.0,219.0,135.0,126.0,102.0,48.0,141.0,152.0,166.0,142.0,129.0,118.0,126.0,107.0,65.0,88.0,58.0,241.0,219.0,35.0,111.0,58.0,256.0,61.0,15.0,172.0,130.0,66.0,233.0,126.0,17.0,149.0,126.0,85.0,192.0,252.0,132.0,53.0,75.0,109.0,133.0,192.0,68.0,123.0,111.0,54.0,123.0,116.0,66.0,106.0,170.0,152.0,158.0,140.0,117.0,121.0,125.0,113.0,218.0,44.0,21.0,137.0,99.0,240.0,10.0,141.0,141.0,52.0,66.0,132.0,111.0,143.0,55.0,138.0,130.0,146.0,189.0,131.0,126.0,129.0
51.0,110.0,63.0,46.0,121.0,212.0,20.0,117.0,168.0,116.0,241.0,240.0,14.0,0.0,77.0,51.0,177.0,81.0,49.0,130.0,209.0,124.0,69.0,175.0,118.0,78.0,46.0,131.0,76.0,227.0,113.0,205.0,121.0,112.0,88.0,62.0,155.0,138.0,180.0,128.0,115.0,104.0,112.0,93.0,58.0,102.0,72.0,227.0,205.0,49.0,125.0,72.0,242.0,50.0,29.0,158.0,116.0,52.0,219.0,140.0,3.0,135.0,140.0,99.0,178.0,238.0,118.0,67.0,61.0,95.0,119.0,178.0,54.0,109.0,97.0,68.0,109.0,102.0,52.0,92.0,156.0,138.0,144.0,126.0,131.0,129.0,111.0,127.0,204.0,58.0,35.0,123.0,113.0,226.0,4.0,127.0,127.0,60.0,80.0,118.0,125.0,129.0,41.0,124.0,116.0,132.0,203.0,117.0,112.0,115.0
41.0,136.0,34.0,41.0,92.0,167.0,59.0,143.0,192.0,142.0,267.0,266.0,65.0,79.0,0.0,42.0,132.0,22.0,37.0,77.0,235.0,79.0,8.0,198.0,150.0,36.0,38.0,155.0,1.0,253.0,156.0,249.0,147.0,155.0,131.0,27.0,110.0,161.0,135.0,154.0,147.0,130.0,138.0,136.0,40.0,33.0,5.0,253.0,249.0,42.0,80.0,13.0,268.0,36.0,50.0,182.0,142.0,69.0,245.0,95.0,82.0,178.0,95.0,30.0,201.0,264.0,144.0,16.0,57.0,138.0,145.0,201.0,54.0,135.0,123.0,33.0,135.0,128.0,48.0,135.0,180.0,161.0,167.0,169.0,86.0,76.0,137.0,82.0,230.0,21.0,44.0,149.0,68.0,252.0,75.0,153.0,153.0,23.0,21.0,91.0,80.0,152.0,59.0,147.0,159.0,155.0,158.0,143.0,155.0,158.0
30.0,109.0,22.0,35.0,106.0,189.0,61.0,116.0,157.0,115.0,240.0,239.0,63.0,49.0,42.0,0.0,154.0,46.0,23.0,101.0,202.0,101.0,34.0,163.0,123.0,54.0,10.0,120.0,41.0,226.0,118.0,211.0,120.0,117.0,93.0,38.0,132.0,126.0,157.0,127.0,120.0,103.0,111.0,98.0,16.0,67.0,37.0,226.0,211.0,51.0,102.0,37.0,241.0,6.0,52.0,147.0,115.0,34.0,218.0,117.0,46.0,140.0,117.0,64.0,166.0,237.0,117.0,26.0,32.0,100.0,118.0,166.0,25.0,108.0,96.0,44.0,108.0,101.0,23.0,97.0,145.0,126.0,132.0,131.0,108.0,100.0,110.0,104.0,200.0,27.0,46.0,122.0,90.0,225.0,53.0,126.0,126.0,19.0,45.0,101.0,102.0,117.0,21.0,112.0,121.0,120.0,180.0,116.0,117.0,120.0
148.0,225.0,144.0,148.0,171.0,102.0,156.0,232.0,283.0,231.0,356.0,355.0,162.0,176.0,133.0,152.0,0.0,133.0,144.0,156.0,324.0,61.0,129.0,290.0,239.0,106.0,148.0,246.0,132.0,342.0,263.0,356.0,236.0,262.0,238.0,123.0,106.0,253.0,3.0,243.0,236.0,219.0,227.0,243.0,150.0,149.0,128.0,342.0,356.0,129.0,62.0,120.0,357.0,146.0,153.0,273.0,231.0,179.0,334.0,102.0,179.0,285.0,59.0,152.0,293.0,353.0,233.0,131.0,167.0,239.0,234.0,293.0,164.0,224.0,212.0,112.0,224.0,217.0,158.0,242.0,271.0,253.0,259.0,276.0,60.0,155.0,226.0,56.0,319.0,131.0,151.0,238.0,99.0,341.0,172.0,242.0,242.0,133.0,132.0,180.0,62.0,244.0,166.0,239.0,266.0,247.0,93.0,232.0,262.0,265.0
45.0,136.0,38.0,45.0,92.0,167.0,63.0,143.0,194.0,142.0,267.0,266.0,69.0,83.0,22.0,46.0,132.0,0.0,41.0,77.0,235.0,79.0,18.0,201.0,150.0,36.0,42.0,157.0,21.0,253.0,160.0,253.0,147.0,159.0,135.0,31.0,110.0,164.0,135.0,154.0,147.0,130.0,138.0,140.0,44.0,51.0,17.0,253.0,253.0,46.0,80.0,13.0,268.0,40.0,54.0,184.0,142.0,73.0,245.0,95.0,86.0,182.0,95.0,48.0,204.0,264.0,144.0,20.0,61.0,142.0,145.0,204.0,58.0,135.0,123.0,34.0,135.0,128.0,52.0,139.0,182.0,164.0,170.0,173.0,86.0,76.0,137.0,82.0,230.0,25.0,48.0,149.0,68.0,252.0,79.0,153.0,153.0,27.0,1.0,91.0,80.0,155.0,63.0,150.0,163.0,158.0,158.0,143.0,159.0,162.0
30.0,116.0,36.0,35.0,119.0,198.0,61.0,123.0,170.0,122.0,247.0,246.0,64.0,50.0,56.0,29.0,163.0,60.0,0.0,115.0,215.0,110.0,48.0,176.0,124.0,64.0,19.0,133.0,55.0,233.0,119.0,212.0,127.0,118.0,94.0,42.0,141.0,139.0,166.0,134.0,121.0,110.0,118.0,99.0,31.0,81.0,51.0,233.0,212.0,51.0,111.0,51.0,248.0,23.0,52.0,160.0,122.0,47.0,225.0,126.0,47.0,141.0,126.0,78.0,179.0,244.0,124.0,40.0,45.0,101.0,125.0,179.0,38.0,115.0,103.0,54.0,115.0,108.0,36.0,98.0,158.0,139.0,145.0,132.0,117.0,114.0,117.0,113.0,210.0,37.0,46.0,129.0,99.0,232.0,54.0,133.0,133.0,33.0,59.0,114.0,111.0,130.0,22.0,125.0,122.0,133.0,189.0,123.0,118.0,121.0
82.0,144.0,73.0,82.0,69.0,170.0,100.0,151.0,202.0,150.0,275.0,274.0,106.0,120.0,59.0,83.0,135.0,59.0,78.0,0.0,243.0,82.0,55.0,209.0,158.0,41.0,79.0,165.0,58.0,261.0,194.0,287.0,155.0,193.0,169.0,66.0,88.0,172.0,138.0,162.0,155.0,138.0,146.0,174.0,81.0,68.0,54.0,261.0,287.0,74.0,83.0,46.0,276.0,77.0,91.0,192.0,150.0,108.0,253.0,73.0,123.0,216.0,98.0,71.0,212.0,272.0,152.0,57.0,98.0,158.0,153.0,212.0,95.0,143.0,131.0,51.0,143.0,136.0,89.0,173.0,190.0,172.0,178.0,195.0,89.0,39.0,145.0,85.0,238.0,62.0,85.0,157.0,71.0,260.0,116.0,161.0,161.0,64.0,58.0,69.0,83.0,163.0,100.0,158.0,197.0,166.0,161.0,151.0,193.0,196.0
198.0,106.0,187.0,203.0,191.0,331.0,207.0,104.0,68.0,115.0,233.0,232.0,201.0,187.0,207.0,189.0,296.0,208.0,190.0,202.0,0.0,243.0,204.0,53.0,110.0,200.0,187.0,94.0,207.0,219.0,165.0,304.0,121.0,155.0,162.0,210.0,268.0,84.0,299.0,104.0,111.0,111.0,108.0,152.0,184.0,182.0,203.0,219.0,304.0,219.0,244.0,195.0,234.0,191.0,216.0,69.0,115.0,163.0,211.0,253.0,184.0,165.0,259.0,185.0,58.0,230.0,118.0,205.0,185.0,129.0,95.0,30.0,178.0,112.0,114.0,210.0,114.0,113.0,176.0,151.0,74.0,80.0,84.0,139.0,250.0,201.0,107.0,246.0,10.0,205.0,214.0,122.0,232.0,218.0,191.0,100.0,103.0,198.0,207.0,190.0,244.0,86.0,182.0,86.0,149.0,78.0,322.0,116.0,149.0,148.0
95.0,172.0,91.0,95.0,118.0,96.0,103.0,179.0,230.0,178.0,303.0,302.0,109.0,123.0,80.0,99.0,61.0,80.0,91.0,103.0,271.0,0.0,76.0,237.0,186.0,53.0,95.0,193.0,79.0,289.0,210.0,303.0,183.0,209.0,185.0,70.0,49.0,200.0,64.0,190.0,183.0,166.0,174.0,190.0,97.0,96.0,75.0,289.0,303.0,76.0,5.0,67.0,304.0,93.0,100.0,220.0,178.0,126.0,281.0,45.0,126.0,232.0,24.0,99.0,240.0,300.0,180.0,78.0,114.0,186.0,181.0,240.0,111.0,171.0,159.0,59.0,171.0,164.0,105.0,189.0,218.0,200.0,206.0,223.0,12.0,102.0,173.0,8.0,266.0,78.0,98.0,185.0,62.0,288.0,119.0,189.0,189.0,80.0,79.0,127.0,1.0,191.0,113.0,186.0,213.0,194.0,87.0,179.0,209.0,212.0
33.0,132.0,26.0,33.0,88.0,163.0,51.0,139.0,184.0,138.0,263.0,262.0,57.0,71.0,8.0,34.0,128.0,18.0,29.0,73.0,229.0,75.0,0.0,190.0,146.0,32.0,30.0,147.0,7.0,249.0,148.0,241.0,143.0,147.0,123.0,19.0,106.0,153.0,131.0,150.0,143.0,126.0,134.0,128.0,32.0,33.0,5.0,249.0,241.0,34.0,76.0,9.0,264.0,28.0,42.0,174.0,138.0,61.0,241.0,91.0,74.0,170.0,91.0,30.0,193.0,260.0,140.0,8.0,49.0,130.0,141.0,193.0,46.0,131.0,119.0,25.0,131.0,124.0,40.0,127.0,172.0,153.0,159.0,161.0,82.0,72.0,133.0,78.0,226.0,13.0,36.0,145.0,64.0,248.0,67.0,149.0,149.0,15.0,17.0,87.0,76.0,144.0,51.0,139.0,151.0,147.0,154.0,139.0,147.0,150.0
172.0,90.0,154.0,177.0,158.0,298.0,186.0,71.0,21.0,80.0,221.0,220.0,180.0,166.0,174.0,156.0,263.0,175.0,164.0,169.0,47.0,210.0,171.0,0.0,98.0,167.0,161.0,47.0,174.0,207.0,153.0,288.0,89.0,143.0,150.0,184.0,235.0,43.0,266.0,92.0,99.0,78.0,92.0,140.0,151.0,149.0,170.0,207.0,288.0,193.0,211.0,162.0,222.0,161.0,194.0,37.0,80.0,130.0,199.0,220.0,163.0,153.0,226.0,152.0,11.0,218.0,80.0,172.0,152.0,113.0,83.0,23.0,145.0,77.0,85.0,177.0,79.0,80.0,143.0,135.0,27.0,37.0,53.0,127.0,217.0,168.0,91.0,213.0,48.0,173.0,188.0,87.0,199.0,206.0,170.0,88.0,91.0,165.0,174.0,157.0,211.0,46.0,160.0,52.0,137.0,48.0,289.0,81.0,137.0,136.0
133.0,29.0,134.0,138.0,147.0,278.0,141.0,75.0,84.0,72.0,159.0,158.0,135.0,121.0,154.0,127.0,243.0,155.0,125.0,149.0,110.0,190.0,151.0,101.0,0.0,147.0,122.0,83.0,154.0,145.0,64.0,212.0,67.0,48.0,52.0,145.0,215.0,92.0,246.0,20.0,3.0,60.0,31.0,42.0,129.0,129.0,150.0,145.0,212.0,154.0,191.0,142.0,160.0,126.0,150.0,72.0,68.0,110.0,137.0,200.0,118.0,64.0,206.0,132.0,102.0,156.0,64.0,143.0,130.0,29.0,15.0,114.0,123.0,67.0,49.0,157.0,67.0,54.0,121.0,44.0,88.0,90.0,102.0,39.0,197.0,148.0,30.0,193.0,105.0,140.0,149.0,76.0,179.0,144.0,125.0,19.0,13.0,136.0,154.0,137.0,191.0,85.0,117.0,82.0,42.0,90.0,269.0,73.0,42.0,41.0
50.0,128.0,46.0,50.0,74.0,142.0,60.0,135.0,186.0,134.0,259.0,258.0,66.0,80.0,36.0,54.0,107.0,36.0,46.0,59.0,227.0,54.0,32.0,193.0,142.0,0.0,50.0,149.0,35.0,245.0,165.0,258.0,139.0,164.0,140.0,25.0,85.0,156.0,110.0,146.0,139.0,122.0,130.0,145.0,52.0,52.0,31.0,245.0,258.0,33.0,55.0,23.0,260.0,48.0,57.0,176.0,134.0,81.0,237.0,70.0,83.0,187.0,70.0,55.0,196.0,256.0,136.0,34.0,69.0,142.0,137.0,196.0,66.0,127.0,115.0,10.0,127.0,120.0,60.0,144.0,174.0,156.0,162.0,178.0,61.0,58.0,129.0,57.0,222.0,33.0,53.0,141.0,43.0,244.0,76.0,145.0,145.0,35.0,35.0,83.0,55.0,147.0,68.0,142.0,168.0,150.0,133.0,135.0,164.0,167.0
21.0,116.0,18.0,26.0,112.0,185.0,52.0,123.0,164.0,122.0,247.0,246.0,58.0,59.0,38.0,10.0,150.0,42.0,13.0,97.0,209.0,97.0,30.0,170.0,130.0,50.0,0.0,127.0,37.0,233.0,128.0,221.0,127.0,127.0,103.0,33.0,128.0,133.0,153.0,134.0,127.0,110.0,118.0,108.0,12.0,63.0,33.0,233.0,221.0,42.0,98.0,33.0,248.0,4.0,43.0,154.0,122.0,41.0,225.0,113.0,56.0,150.0,113.0,60.0,173.0,244.0,124.0,22.0,29.0,110.0,125.0,173.0,26.0,115.0,103.0,40.0,115.0,108.0,20.0,107.0,152.0,133.0,139.0,141.0,104.0,96.0,117.0,100.0,207.0,23.0,37.0,129.0,86.0,232.0,63.0,133.0,133.0,15.0,41.0,108.0,98.0,124.0,31.0,119.0,131.0,127.0,176.0,123.0,127.0,130.0
129.0,59.0,111.0,134.0,115.0,255.0,143.0,26.0,38.0,33.0,201.0,200.0,137.0,123.0,131.0,113.0,220.0,132.0,121.0,126.0,86.0,167.0,128.0,47.0,80.0,124.0,118.0,0.0,131.0,187.0,138.0,254.0,42.0,128.0,126.0,141.0,192.0,19.0,223.0,77.0,77.0,33.0,61.0,110.0,108.0,106.0,127.0,187.0,254.0,150.0,168.0,119.0,202.0,118.0,151.0,40.0,33.0,87.0,179.0,177.0,120.0,138.0,183.0,109.0,50.0,198.0,33.0,129.0,109.0,82.0,68.0,64.0,102.0,30.0,40.0,134.0,32.0,35.0,100.0,104.0,26.0,19.0,29.0,112.0,174.0,125.0,60.0,170.0,87.0,130.0,145.0,40.0,156.0,186.0,127.0,76.0,76.0,122.0,131.0,114.0,168.0,10.0,117.0,18.0,122.0,18.0,246.0,34.0,122.0,121.0
40.0,135.0,33.0,40.0,91.0,166.0,58.0,142.0,191.0,141.0,266.0,265.0,64.0,78.0,1.0,41.0,131.0,21.0,36.0,76.0,234.0,78.0,7.0,197.0,149.0,35.0,37.0,154.0,0.0,252.0,155.0,248.0,146.0,154.0,130.0,26.0,109.0,160.0,134.0,153.0,146.0,129.0,137.0,135.0,39.0,34.0,4.0,252.0,248.0,41.0,79.0,12.0,267.0,35.0,49.0,181.0,141.0,68.0,244.0,94.0,81.0,177.0,94.0,31.0,200.0,263.0,143.0,15.0,56.0,137.0,144.0,200.0,53.0,134.0,122.0,32.0,134.0,127.0,47.0,134.0,179.0,160.0,166.0,168.0,85.0,75.0,136.0,81.0,229.0,20.0,43.0,148.0,67.0,251.0,74.0,152.0,152.0,22.0,20.0,90.0,79.0,151.0,58.0,146.0,158.0,154.0,157.0,142.0,154.0,157.0
221.0,139.0,213.0,226.0,226.0,357.0,230.0,163.0,152.0,160.0,190.0,100.0,224.0,210.0,233.0,213.0,322.0,234.0,213.0,228.0,178.0,269.0,230.0,169.0,132.0,226.0,210.0,160.0,233.0,0.0,187.0,337.0,144.0,177.0,184.0,233.0,294.0,169.0,325.0,126.0,133.0,148.0,141.0,174.0,208.0,208.0,229.0,4.0,337.0,242.0,270.0,221.0,191.0,214.0,239.0,140.0,156.0,189.0,10.0,279.0,207.0,187.0,285.0,211.0,170.0,98.0,141.0,231.0,209.0,161.0,117.0,182.0,202.0,155.0,137.0,236.0,155.0,142.0,200.0,176.0,156.0,167.0,179.0,161.0,276.0,227.0,140.0,272.0,173.0,228.0,237.0,153.0,258.0,86.0,214.0,125.0,125.0,224.0,233.0,216.0,270.0,166.0,205.0,168.0,171.0,174.0,348.0,161.0,171.0,170.0
149.0,86.0,155.0,154.0,194.0,317.0,157.0,138.0,139.0,135.0,214.0,213.0,151.0,137.0,175.0,143.0,282.0,179.0,141.0,196.0,165.0,229.0,167.0,156.0,63.0,183.0,138.0,140.0,174.0,200.0,0.0,228.0,122.0,41.0,61.0,161.0,260.0,149.0,285.0,75.0,66.0,123.0,88.0,53.0,146.0,176.0,170.0,200.0,228.0,170.0,230.0,170.0,215.0,142.0,166.0,127.0,131.0,133.0,192.0,245.0,134.0,22.0,245.0,179.0,157.0,211.0,119.0,159.0,147.0,68.0,70.0,169.0,140.0,130.0,112.0,173.0,130.0,117.0,138.0,55.0,143.0,147.0,159.0,28.0,236.0,195.0,87.0,232.0,160.0,156.0,165.0,131.0,218.0,199.0,141.0,74.0,68.0,152.0,178.0,184.0,230.0,142.0,133.0,144.0,35.0,150.0,308.0,136.0,35.0,34.0
181.0,152.0,187.0,186.0,226.0,349.0,186.0,188.0,225.0,187.0,300.0,299.0,180.0,166.0,207.0,175.0,314.0,211.0,173.0,228.0,251.0,261.0,199.0,241.0,141.0,215.0,170.0,202.0,206.0,286.0,114.0,0.0,191.0,118.0,89.0,193.0,292.0,209.0,317.0,161.0,144.0,175.0,154.0,113.0,178.0,208.0,202.0,286.0,5.0,202.0,262.0,202.0,301.0,174.0,195.0,212.0,187.0,165.0,278.0,277.0,163.0,136.0,277.0,211.0,243.0,297.0,188.0,191.0,179.0,137.0,156.0,249.0,172.0,180.0,171.0,205.0,180.0,176.0,170.0,115.0,220.0,209.0,215.0,132.0,268.0,227.0,153.0,264.0,246.0,188.0,197.0,194.0,250.0,285.0,170.0,160.0,154.0,184.0,210.0,216.0,262.0,200.0,165.0,195.0,122.0,203.0,340.0,188.0,118.0,121.0
132.0,53.0,124.0,137.0,137.0,268.0,141.0,31.0,79.0,24.0,184.0,183.0,135.0,121.0,144.0,124.0,233.0,145.0,124.0,139.0,127.0,180.0,141.0,88.0,67.0,137.0,121.0,42.0,144.0,170.0,130.0,242.0,0.0,115.0,112.0,144.0,205.0,53.0,236.0,71.0,64.0,30.0,55.0,95.0,119.0,119.0,140.0,170.0,242.0,153.0,181.0,132.0,185.0,125.0,150.0,69.0,26.0,100.0,162.0,190.0,118.0,130.0,196.0,122.0,91.0,181.0,9.0,142.0,120.0,67.0,62.0,100.0,113.0,27.0,39.0,147.0,29.0,34.0,111.0,89.0,67.0,53.0,63.0,104.0,187.0,138.0,54.0,183.0,122.0,139.0,148.0,9.0,169.0,169.0,125.0,70.0,70.0,135.0,144.0,127.0,181.0,44.0,116.0,46.0,109.0,52.0,259.0,25.0,109.0,108.0
10000000000.0,10000000000.0,10000000000.0,10000000000.0,10000000000.0,10000000000.0,10000000000.0,10000000000.0,10000000000.0,10000000000.0,10000000000.0,10000000000.0,10000000000.0,10000000000.0,10000000000.0,10000000000.0,10000000000.0,10000000000.0,10000000000.0,10000000000.0,10000000000.0,10000000000.0,10000000000.0,10000000000.0,10000000000.0,10000000000.0,10000000000.0,10000000000.0,10000000000.0,10000000000.0,10000000000.0,10000000000.0,10000000000.0,0.0,10000000000.0,10000000000.0,10000000000.0,10000000000.0,10000000000.0,10000000000.0,10000000000.0,10000000000.0,10000000000.0,10000000000.0,10000000000.0,10000000000.0,10000000000.0,10000000000.0,10000000000.0,10000000000.0,10000000000.0,10000000000.0,10000000000.0,10000000000.0,10000000000.0,10000000000.0,10000000000.0,10000000000.0,10000000000.0,10000000000.0,10000000000.0,10000000000.0,10000000000.0,10000000000.0,10000000000.0,10000000000.0,10000000000.0,10000000000.0,10000000000.0,10000000000.0,10000000000.0,10000000000.0,10000000000.0,10000000000.0,10000000000.0,10000000000.0,10000000000.0,10000000000.0,10000000000.0,10000000000.0,10000000000.0,10000000000.0,10000000000.0,10000000000.0,10000000000.0,10000000000.0,10000000000.0,10000000000.0,10000000000.0,10000000000.0,10000000000.0,10000000000.0,10000000000.0,10000000000.0,10000000000.0,10000000000.0,10000000000.0,10000000000.0,10000000000.0,10000000000.0,10000000000.0,10000000000.0,10000000000.0,10000000000.0,10000000000.0,10000000000.0,10000000000.0,10000000000.0,10000000000.0,10000000000.0
103.0,69.0,109.0,108.0,148.0,271.0,109.0,110.0,136.0,109.0,211.0,210.0,103.0,89.0,129.0,97.0,236.0,133.0,95.0,150.0,162.0,183.0,121.0,153.0,52.0,137.0,92.0,123.0,128.0,197.0,27.0,176.0,108.0,31.0,0.0,115.0,214.0,131.0,239.0,72.0,55.0,97.0,71.0,24.0,100.0,130.0,124.0,197.0,176.0,124.0,184.0,124.0,212.0,96.0,118.0,124.0,108.0,87.0,189.0,199.0,86.0,49.0,199.0,133.0,154.0,208.0,105.0,113.0,101.0,54.0,67.0,166.0,94.0,102.0,89.0,127.0,102.0,94.0,92.0,26.0,137.0,130.0,137.0,45.0,190.0,149.0,70.0,186.0,157.0,110.0,119.0,116.0,172.0,196.0,93.0,71.0,65.0,106.0,132.0,138.0,184.0,122.0,87.0,117.0,35.0,125.0,262.0,110.0,31.0,34.0
26.0,138.0,29.0,26.0,99.0,160.0,44.0,145.0,187.0,144.0,269.0,268.0,50.0,64.0,26.0,37.0,125.0,30.0,22.0,84.0,232.0,72.0,18.0,193.0,146.0,25.0,33.0,150.0,25.0,255.0,141.0,234.0,149.0,140.0,116.0,0.0,103.0,156.0,128.0,156.0,143.0,132.0,140.0,121.0,35.0,51.0,21.0,255.0,234.0,27.0,73.0,21.0,270.0,31.0,35.0,177.0,144.0,64.0,247.0,88.0,67.0,163.0,88.0,48.0,196.0,266.0,146.0,18.0,52.0,123.0,147.0,196.0,49.0,137.0,125.0,15.0,137.0,130.0,43.0,120.0,175.0,156.0,162.0,154.0,79.0,83.0,139.0,75.0,230.0,16.0,29.0,151.0,61.0,254.0,60.0,155.0,155.0,18.0,29.0,99.0,73.0,147.0,44.0,142.0,144.0,150.0,151.0,145.0,140.0,143.0
130.0,198.0,126.0,130.0,125.0,141.0,138.0,205.0,256.0,204.0,329.0,328.0,144.0,158.0,113.0,134.0,106.0,113.0,126.0,110.0,297.0,49.0,109.0,263.0,212.0,88.0,130.0,219.0,112.0,315.0,245.0,338.0,209.0,244.0,220.0,105.0,0.0,226.0,109.0,216.0,209.0,192.0,200.0,225.0,132.0,122.0,108.0,315.0,338.0,111.0,44.0,100.0,330.0,128.0,135.0,246.0,204.0,161.0,307.0,19.0,161.0,267.0,69.0,125.0,266.0,326.0,206.0,111.0,149.0,212.0,207.0,266.0,146.0,197.0,185.0,94.0,197.0,190.0,140.0,224.0,244.0,226.0,232.0,249.0,60.0,109.0,199.0,56.0,292.0,113.0,133.0,211.0,102.0,314.0,154.0,215.0,215.0,115.0,112.0,139.0,50.0,217.0,148.0,212.0,248.0,220.0,132.0,205.0,244.0,247.0
135.0,69.0,117.0,140.0,121.0,261.0,149.0,34.0,38.0,44.0,211.0,210.0,143.0,129.0,137.0,119.0,226.0,138.0,127.0,132.0,82.0,173.0,134.0,43.0,90.0,130.0,124.0,19.0,137.0,197.0,148.0,262.0,53.0,138.0,134.0,147.0,198.0,0.0,229.0,87.0,87.0,41.0,71.0,120.0,114.0,112.0,133.0,197.0,262.0,156.0,174.0,125.0,212.0,124.0,157.0,48.0,44.0,93.0,189.0,183.0,126.0,148.0,189.0,115.0,46.0,208.0,44.0,135.0,115.0,92.0,78.0,54.0,108.0,41.0,48.0,140.0,43.0,43.0,106.0,114.0,28.0,6.0,10.0,122.0,180.0,131.0,70.0,176.0,83.0,136.0,151.0,51.0,162.0,196.0,133.0,86.0,86.0,128.0,137.0,120.0,174.0,9.0,123.0,15.0,132.0,14.0,252.0,45.0,132.0,131.0
151.0,228.0,147.0,151.0,174.0,104.0,159.0,235.0,286.0,234.0,359.0,358.0,165.0,179.0,136.0,155.0,3.0,136.0,147.0,159.0,327.0,64.0,132.0,293.0,242.0,109.0,151.0,249.0,135.0,345.0,266.0,359.0,239.0,265.0,241.0,126.0,109.0,256.0,0.0,246.0,239.0,222.0,230.0,246.0,153.0,152.0,131.0,345.0,359.0,132.0,65.0,123.0,360.0,149.0,156.0,276.0,234.0,182.0,337.0,105.0,182.0,288.0,62.0,155.0,296.0,356.0,236.0,134.0,170.0,242.0,237.0,296.0,167.0,227.0,215.0,115.0,227.0,220.0,161.0,245.0,274.0,256.0,262.0,279.0,63.0,158.0,229.0,59.0,322.0,134.0,154.0,241.0,102.0,344.0,175.0,245.0,245.0,136.0,135.0,183.0,65.0,247.0,169.0,242.0,269.0,250.0,95.0,235.0,265.0,268.0
138.0,37.0,130.0,143.0,143.0,274.0,147.0,80.0,78.0,77.0,153.0,152.0,141.0,127.0,150.0,130.0,239.0,151.0,130.0,145.0,104.0,186.0,147.0,95.0,20.0,143.0,127.0,86.0,150.0,139.0,75.0,230.0,61.0,65.0,72.0,150.0,211.0,95.0,242.0,0.0,21.0,65.0,39.0,62.0,125.0,125.0,146.0,139.0,230.0,159.0,187.0,138.0,154.0,131.0,156.0,66.0,73.0,106.0,131.0,196.0,124.0,75.0,202.0,128.0,96.0,150.0,58.0,148.0,126.0,49.0,9.0,108.0,119.0,72.0,54.0,153.0,72.0,59.0,117.0,64.0,82.0,93.0,105.0,49.0,193.0,144.0,38.0,189.0,99.0,145.0,154.0,70.0,175.0,138.0,131.0,5.0,13.0,141.0,150.0,133.0,187.0,91.0,122.0,87.0,59.0,95.0,265.0,78.0,59.0,58.0
130.0,26.0,131.0,135.0,144.0,275.0,138.0,72.0,85.0,69.0,160.0,159.0,132.0,118.0,151.0,124.0,240.0,152.0,122.0,146.0,111.0,187.0,148.0,102.0,3.0,144.0,119.0,80.0,151.0,146.0,66.0,209.0,65.0,51.0,55.0,142.0,212.0,89.0,243.0,21.0,0.0,57.0,28.0,45.0,126.0,126.0,147.0,146.0,209.0,151.0,188.0,139.0,161.0,123.0,147.0,73.0,65.0,107.0,138.0,197.0,115.0,66.0,203.0,129.0,103.0,157.0,62.0,140.0,127.0,30.0,16.0,115.0,120.0,64.0,46.0,154.0,64.0,51.0,118.0,47.0,89.0,87.0,99.0,40.0,194.0,145.0,27.0,190.0,106.0,137.0,146.0,74.0,176.0,145.0,122.0,20.0,14.0,133.0,151.0,134.0,188.0,82.0,114.0,79.0,45.0,87.0,266.0,70.0,45.0,44.0
111.0,49.0,103.0,116.0,110.0,247.0,120.0,15.0,70.0,14.0,181.0,180.0,114.0,100.0,123.0,103.0,212.0,124.0,103.0,118.0,116.0,159.0,120.0,77.0,60.0,116.0,100.0,33.0,123.0,167.0,123.0,227.0,30.0,108.0,99.0,123.0,184.0,40.0,215.0,68.0,57.0,0.0,51.0,88.0,98.0,98.0,119.0,167.0,227.0,132.0,160.0,111.0,182.0,104.0,129.0,60.0,12.0,79.0,159.0,169.0,97.0,123.0,175.0,101.0,80.0,178.0,36.0,121.0,99.0,60.0,59.0,80.0,92.0,7.0,11.0,126.0,7.0,6.0,90.0,82.0,58.0,40.0,46.0,97.0,166.0,117.0,50.0,162.0,113.0,118.0,127.0,21.0,148.0,166.0,104.0,67.0,67.0,114.0,123.0,106.0,160.0,31.0,95.0,26.0,102.0,34.0,238.0,15.0,102.0,101.0
122.0,2.0,123.0,127.0,136.0,267.0,130.0,64.0,82.0,61.0,156.0,155.0,124.0,110.0,143.0,116.0,232.0,144.0,114.0,138.0,114.0,179.0,140.0,97.0,23.0,136.0,111.0,62.0,143.0,142.0,86.0,201.0,56.0,71.0,71.0,134.0,204.0,71.0,235.0,32.0,20.0,49.0,0.0,54.0,118.0,118.0,139.0,142.0,201.0,143.0,180.0,131.0,157.0,115.0,139.0,68.0,57.0,99.0,134.0,189.0,107.0,86.0,195.0,121.0,100.0,153.0,53.0,132.0,119.0,26.0,23.0,114.0,112.0,56.0,38.0,146.0,56.0,43.0,110.0,48.0,76.0,69.0,81.0,60.0,186.0,137.0,1.0,182.0,109.0,129.0,138.0,65.0,168.0,141.0,114.0,31.0,31.0,125.0,143.0,126.0,180.0,64.0,106.0,66.0,65.0,72.0,258.0,62.0,65.0,64.0
96.0,45.0,102.0,101.0,141.0,264.0,104.0,91.0,119.0,88.0,193.0,192.0,98.0,84.0,122.0,90.0,229.0,126.0,88.0,143.0,150.0,176.0,114.0,134.0,40.0,130.0,85.0,99.0,121.0,179.0,56.0,175.0,84.0,37.0,30.0,108.0,207.0,108.0,232.0,60.0,43.0,76.0,47.0,0.0,93.0,123.0,117.0,179.0,175.0,117.0,177.0,117.0,194.0,89.0,113.0,105.0,84.0,80.0,171.0,192.0,81.0,72.0,192.0,126.0,137.0,190.0,81.0,106.0,94.0,30.0,55.0,151.0,87.0,83.0,65.0,120.0,83.0,70.0,85.0,9.0,113.0,106.0,118.0,51.0,183.0,142.0,46.0,179.0,145.0,103.0,112.0,93.0,165.0,178.0,88.0,59.0,53.0,99.0,125.0,131.0,177.0,101.0,80.0,98.0,41.0,106.0,255.0,89.0,37.0,40.0
28.0,104.0,20.0,33.0,101.0,187.0,59.0,111.0,152.0,110.0,235.0,234.0,65.0,62.0,40.0,16.0,152.0,44.0,24.0,99.0,197.0,99.0,32.0,158.0,118.0,52.0,12.0,115.0,39.0,221.0,120.0,213.0,115.0,119.0,95.0,36.0,130.0,121.0,155.0,122.0,115.0,98.0,106.0,100.0,0.0,65.0,35.0,221.0,213.0,49.0,100.0,35.0,236.0,10.0,50.0,142.0,110.0,29.0,213.0,115.0,59.0,142.0,115.0,62.0,161.0,232.0,112.0,24.0,17.0,102.0,113.0,161.0,14.0,103.0,91.0,42.0,103.0,96.0,8.0,99.0,140.0,121.0,127.0,133.0,106.0,98.0,105.0,102.0,195.0,25.0,44.0,117.0,88.0,220.0,66.0,121.0,121.0,17.0,43.0,96.0,100.0,112.0,36.0,107.0,123.0,115.0,178.0,111.0,119.0,122.0
35.0,137.0,13.0,40.0,121.0,194.0,66.0,144.0,185.0,143.0,268.0,267.0,72.0,81.0,33.0,35.0,159.0,51.0,31.0,106.0,230.0,106.0,33.0,191.0,151.0,59.0,31.0,148.0,34.0,254.0,150.0,243.0,148.0,149.0,125.0,43.0,137.0,154.0,162.0,155.0,148.0,131.0,139.0,130.0,33.0,0.0,34.0,254.0,243.0,56.0,107.0,42.0,269.0,29.0,57.0,175.0,143.0,62.0,246.0,122.0,78.0,172.0,122.0,3.0,194.0,265.0,145.0,31.0,50.0,132.0,146.0,194.0,47.0,136.0,124.0,49.0,136.0,129.0,41.0,129.0,173.0,154.0,160.0,163.0,113.0,105.0,138.0,109.0,228.0,32.0,51.0,150.0,95.0,253.0,82.0,154.0,154.0,24.0,50.0,120.0,107.0,145.0,53.0,140.0,153.0,148.0,185.0,144.0,149.0,152.0
36.0,131.0,29.0,36.0,87.0,162.0,54.0,138.0,187.0,137.0,262.0,261.0,60.0,74.0,5.0,37.0,127.0,17.0,32.0,72.0,230.0,74.0,5.0,193.0,145.0,31.0,33.0,150.0,4.0,248.0,151.0,244.0,142.0,150.0,126.0,22.0,105.0,156.0,130.0,149.0,142.0,125.0,133.0,131.0,35.0,34.0,0.0,248.0,244.0,37.0,75.0,8.0,263.0,31.0,45.0,177.0,137.0,64.0,240.0,90.0,77.0,173.0,90.0,31.0,196.0,259.0,139.0,11.0,52.0,133.0,140.0,196.0,49.0,130.0,118.0,28.0,130.0,123.0,43.0,130.0,175.0,156.0,162.0,164.0,81.0,71.0,132.0,77.0,225.0,16.0,39.0,144.0,63.0,247.0,70.0,148.0,148.0,18.0,16.0,86.0,75.0,147.0,54.0,142.0,154.0,150.0,153.0,138.0,150.0,153.0
221.0,139.0,213.0,226.0,226.0,357.0,230.0,163.0,152.0,160.0,190.0,100.0,224.0,210.0,233.0,213.0,322.0,234.0,213.0,228.0,178.0,269.0,230.0,169.0,132.0,226.0,210.0,160.0,233.0,4.0,187.0,337.0,144.0,177.0,184.0,233.0,294.0,169.0,325.0,126.0,133.0,148.0,141.0,174.0,208.0,208.0,229.0,0.0,337.0,242.0,270.0,221.0,191.0,214.0,239.0,140.0,156.0,189.0,10.0,279.0,207.0,187.0,285.0,211.0,170.0,98.0,141.0,231.0,209.0,161.0,117.0,182.0,202.0,155.0,137.0,236.0,155.0,142.0,200.0,176.0,156.0,167.0,179.0,161.0,276.0,227.0,140.0,272.0,173.0,228.0,237.0,153.0,258.0,86.0,214.0,125.0,125.0,224.0,233.0,216.0,270.0,166.0,205.0,168.0,171.0,174.0,348.0,161.0,171.0,170.0
181.0,152.0,187.0,186.0,226.0,349.0,186.0,188.0,225.0,187.0,300.0,299.0,180.0,166.0,207.0,175.0,314.0,211.0,173.0,228.0,251.0,261.0,199.0,241.0,141.0,215.0,170.0,202.0,206.0,286.0,114.0,5.0,191.0,118.0,89.0,193.0,292.0,209.0,317.0,161.0,144.0,175.0,154.0,113.0,178.0,208.0,202.0,286.0,0.0,202.0,262.0,202.0,301.0,174.0,195.0,212.0,187.0,165.0,278.0,277.0,163.0,136.0,277.0,211.0,243.0,297.0,188.0,191.0,179.0,137.0,156.0,249.0,172.0,180.0,171.0,205.0,180.0,176.0,170.0,115.0,220.0,209.0,215.0,132.0,268.0,227.0,153.0,264.0,246.0,188.0,197.0,194.0,250.0,285.0,170.0,160.0,154.0,184.0,210.0,216.0,262.0,200.0,165.0,195.0,122.0,203.0,340.0,188.0,118.0,121.0
19.0,131.0,27.0,19.0,102.0,169.0,37.0,138.0,185.0,137.0,262.0,261.0,43.0,57.0,28.0,35.0,134.0,32.0,15.0,87.0,230.0,81.0,20.0,191.0,139.0,35.0,31.0,148.0,27.0,248.0,134.0,227.0,142.0,133.0,109.0,13.0,112.0,154.0,137.0,149.0,136.0,125.0,133.0,114.0,33.0,53.0,23.0,248.0,227.0,0.0,82.0,23.0,263.0,29.0,28.0,175.0,137.0,62.0,240.0,97.0,60.0,156.0,97.0,50.0,194.0,259.0,139.0,20.0,50.0,116.0,140.0,194.0,47.0,130.0,118.0,25.0,130.0,123.0,41.0,113.0,173.0,154.0,160.0,147.0,88.0,86.0,132.0,84.0,225.0,11.0,22.0,144.0,70.0,247.0,53.0,148.0,148.0,19.0,31.0,101.0,82.0,145.0,37.0,140.0,137.0,148.0,160.0,138.0,133.0,136.0
96.0,173.0,92.0,96.0,117.0,97.0,104.0,180.0,231.0,179.0,304.0,303.0,110.0,124.0,81.0,100.0,62.0,81.0,92.0,102.0,272.0,5.0,77.0,238.0,187.0,54.0,96.0,194.0,80.0,290.0,211.0,304.0,184.0,210.0,186.0,71.0,44.0,201.0,65.0,191.0,184.0,167.0,175.0,191.0,98.0,97.0,76.0,290.0,304.0,77.0,0.0,68.0,305.0,94.0,101.0,221.0,179.0,127.0,282.0,40.0,127.0,233.0,25.0,100.0,241.0,301.0,181.0,79.0,115.0,187.0,182.0,241.0,112.0,172.0,160.0,60.0,172.0,165.0,106.0,190.0,219.0,201.0,207.0,224.0,16.0,101.0,174.0,12.0,267.0,79.0,99.0,186.0,63.0,289.0,120.0,190.0,190.0,81.0,80.0,128.0,6.0,192.0,114.0,187.0,214.0,195.0,88.0,180.0,210.0,213.0
36.0,123.0,29.0,36.0,79.0,154.0,54.0,130.0,181.0,129.0,254.0,253.0,60.0,74.0,13.0,37.0,119.0,13.0,32.0,64.0,222.0,66.0,9.0,188.0,137.0,23.0,33.0,144.0,12.0,240.0,151.0,244.0,134.0,150.0,126.0,22.0,97.0,151.0,122.0,141.0,134.0,117.0,125.0,131.0,35.0,42.0,8.0,240.0,244.0,37.0,67.0,0.0,255.0,31.0,45.0,171.0,129.0,64.0,232.0,82.0,77.0,173.0,82.0,39.0,191.0,251.0,131.0,11.0,52.0,133.0,132.0,191.0,49.0,122.0,110.0,28.0,122.0,115.0,43.0,130.0,169.0,151.0,157.0,164.0,73.0,63.0,124.0,69.0,217.0,16.0,39.0,136.0,55.0,239.0,70.0,140.0,140.0,18.0,12.0,78.0,67.0,142.0,54.0,137.0,154.0,145.0,145.0,130.0,150.0,153.0
207.0,125.0,199.0,212.0,212.0,343.0,216.0,149.0,138.0,146.0,13.0,185.0,210.0,196.0,219.0,199.0,308.0,220.0,199.0,214.0,164.0,255.0,216.0,155.0,118.0,212.0,196.0,146.0,219.0,172.0,173.0,323.0,130.0,163.0,170.0,219.0,280.0,155.0,311.0,112.0,119.0,134.0,127.0,160.0,194.0,194.0,215.0,172.0,323.0,228.0,256.0,207.0,0.0,200.0,225.0,126.0,142.0,175.0,164.0,265.0,193.0,173.0,271.0,197.0,156.0,183.0,127.0,217.0,195.0,147.0,103.0,168.0,188.0,141.0,123.0,222.0,141.0,128.0,186.0,162.0,142.0,153.0,165.0,147.0,262.0,213.0,126.0,258.0,159.0,214.0,223.0,139.0,244.0,171.0,200.0,111.0,111.0,210.0,219.0,202.0,256.0,152.0,191.0,154.0,157.0,160.0,334.0,147.0,157.0,156.0
24.0,114.0,16.0,29.0,110.0,183.0,55.0,121.0,162.0,120.0,245.0,244.0,61.0,55.0,36.0,6.0,148.0,40.0,17.0,95.0,207.0,95.0,28.0,168.0,128.0,48.0,4.0,125.0,35.0,231.0,124.0,217.0,125.0,123.0,99.0,32.0,126.0,131.0,151.0,132.0,125.0,108.0,116.0,104.0,10.0,61.0,31.0,231.0,217.0,45.0,96.0,31.0,246.0,0.0,46.0,152.0,120.0,39.0,223.0,111.0,52.0,146.0,111.0,58.0,171.0,242.0,122.0,20.0,27.0,106.0,123.0,171.0,24.0,113.0,101.0,38.0,113.0,106.0,18.0,103.0,150.0,131.0,137.0,137.0,102.0,94.0,115.0,98.0,205.0,21.0,40.0,127.0,84.0,230.0,59.0,131.0,131.0,13.0,39.0,106.0,96.0,122.0,27.0,117.0,127.0,125.0,174.0,121.0,123.0,126.0
22.0,139.0,44.0,17.0,123.0,189.0,9.0,146.0,197.0,145.0,270.0,269.0,15.0,29.0,49.0,52.0,154.0,53.0,32.0,108.0,238.0,101.0,41.0,204.0,147.0,55.0,48.0,160.0,48.0,256.0,142.0,234.0,150.0,141.0,117.0,34.0,132.0,167.0,157.0,157.0,144.0,133.0,141.0,122.0,50.0,74.0,44.0,256.0,234.0,26.0,102.0,44.0,271.0,46.0,0.0,187.0,145.0,79.0,248.0,117.0,32.0,164.0,117.0,71.0,207.0,267.0,147.0,38.0,67.0,124.0,148.0,207.0,64.0,138.0,126.0,45.0,138.0,131.0,58.0,121.0,185.0,167.0,173.0,155.0,108.0,107.0,140.0,104.0,233.0,29.0,6.0,152.0,90.0,255.0,25.0,156.0,156.0,37.0,52.0,122.0,102.0,158.0,54.0,153.0,145.0,161.0,180.0,146.0,141.0,144.0
157.0,59.0,139.0,162.0,143.0,283.0,166.0,54.0,20.0,61.0,192.0,191.0,160.0,146.0,159.0,141.0,248.0,160.0,149.0,154.0,69.0,195.0,156.0,37.0,69.0,152.0,146.0,40.0,159.0,178.0,124.0,257.0,70.0,114.0,121.0,169.0,220.0,48.0,251.0,63.0,70.0,61.0,61.0,110.0,136.0,134.0,155.0,178.0,257.0,178.0,196.0,147.0,193.0,146.0,175.0,0.0,61.0,115.0,170.0,205.0,143.0,124.0,211.0,137.0,38.0,189.0,61.0,157.0,137.0,82.0,54.0,54.0,130.0,58.0,68.0,162.0,60.0,63.0,128.0,104.0,24.0,42.0,58.0,98.0,202.0,153.0,60.0,198.0,64.0,158.0,173.0,68.0,184.0,177.0,150.0,59.0,62.0,150.0,159.0,142.0,196.0,46.0,141.0,48.0,108.0,54.0,274.0,62.0,108.0,107.0
123.0,57.0,115.0,128.0,122.0,259.0,132.0,15.0,70.0,10.0,189.0,188.0,126.0,112.0,135.0,115.0,224.0,136.0,115.0,130.0,118.0,171.0,132.0,79.0,68.0,128.0,112.0,33.0,135.0,175.0,131.0,239.0,26.0,116.0,111.0,135.0,196.0,44.0,227.0,76.0,65.0,12.0,59.0,96.0,110.0,110.0,131.0,175.0,239.0,144.0,172.0,123.0,190.0,116.0,141.0,60.0,0.0,91.0,167.0,181.0,109.0,131.0,187.0,113.0,82.0,186.0,35.0,133.0,111.0,68.0,67.0,86.0,104.0,11.0,19.0,138.0,13.0,14.0,102.0,90.0,58.0,44.0,52.0,105.0,178.0,129.0,58.0,174.0,113.0,130.0,139.0,17.0,160.0,174.0,116.0,75.0,75.0,126.0,135.0,118.0,172.0,35.0,107.0,32.0,110.0,40.0,250.0,11.0,110.0,109.0
50.0,83.0,49.0,55.0,80.0,216.0,69.0,90.0,131.0,89.0,214.0,213.0,63.0,49.0,69.0,34.0,181.0,73.0,42.0,87.0,176.0,128.0,61.0,137.0,97.0,81.0,39.0,94.0,68.0,200.0,107.0,200.0,94.0,106.0,82.0,62.0,153.0,100.0,184.0,101.0,94.0,77.0,85.0,87.0,29.0,67.0,64.0,200.0,200.0,71.0,129.0,64.0,215.0,39.0,72.0,121.0,89.0,0.0,192.0,138.0,46.0,129.0,144.0,70.0,140.0,211.0,91.0,53.0,30.0,89.0,92.0,140.0,23.0,82.0,70.0,71.0,82.0,75.0,21.0,86.0,119.0,100.0,106.0,120.0,135.0,86.0,84.0,131.0,174.0,54.0,66.0,96.0,117.0,199.0,53.0,100.0,100.0,46.0,72.0,75.0,129.0,91.0,38.0,86.0,110.0,94.0,207.0,90.0,106.0,109.0
211.0,129.0,203.0,216.0,216.0,347.0,220.0,153.0,142.0,150.0,180.0,90.0,214.0,200.0,223.0,203.0,312.0,224.0,203.0,218.0,168.0,259.0,220.0,159.0,122.0,216.0,200.0,150.0,223.0,10.0,177.0,327.0,134.0,167.0,174.0,223.0,284.0,159.0,315.0,116.0,123.0,138.0,131.0,164.0,198.0,198.0,219.0,10.0,327.0,232.0,260.0,211.0,181.0,204.0,229.0,130.0,146.0,179.0,0.0,269.0,197.0,177.0,275.0,201.0,160.0,88.0,131.0,221.0,199.0,151.0,107.0,172.0,192.0,145.0,127.0,226.0,145.0,132.0,190.0,166.0,146.0,157.0,169.0,151.0,266.0,217.0,130.0,262.0,163.0,218.0,227.0,143.0,248.0,76.0,204.0,115.0,115.0,214.0,223.0,206.0,260.0,156.0,195.0,158.0,161.0,164.0,338.0,151.0,161.0,160.0
115.0,183.0,111.0,115.0,110.0,138.0,123.0,190.0,241.0,189.0,314.0,313.0,129.0,143.0,98.0,119.0,103.0,98.0,111.0,95.0,282.0,46.0,94.0,248.0,197.0,73.0,115.0,204.0,97.0,300.0,230.0,323.0,194.0,229.0,205.0,90.0,19.0,211.0,106.0,201.0,194.0,177.0,185.0,210.0,117.0,107.0,93.0,300.0,323.0,96.0,41.0,85.0,315.0,113.0,120.0,231.0,189.0,146.0,292.0,0.0,146.0,252.0,66.0,110.0,251.0,311.0,191.0,96.0,134.0,197.0,192.0,251.0,131.0,182.0,170.0,79.0,182.0,175.0,125.0,209.0,229.0,211.0,217.0,234.0,57.0,94.0,184.0,53.0,277.0,98.0,118.0,196.0,87.0,299.0,139.0,200.0,200.0,100.0,97.0,124.0,47.0,202.0,133.0,197.0,233.0,205.0,129.0,190.0,229.0,232.0
54.0,107.0,60.0,49.0,118.0,215.0,23.0,114.0,165.0,113.0,238.0,237.0,17.0,3.0,80.0,48.0,180.0,84.0,46.0,127.0,206.0,127.0,72.0,172.0,115.0,81.0,43.0,128.0,79.0,224.0,110.0,202.0,118.0,109.0,85.0,65.0,158.0,135.0,183.0,125.0,112.0,101.0,109.0,90.0,55.0,105.0,75.0,224.0,202.0,52.0,128.0,75.0,239.0,47.0,32.0,155.0,113.0,49.0,216.0,143.0,0.0,132.0,143.0,102.0,175.0,235.0,115.0,64.0,58.0,92.0,116.0,175.0,51.0,106.0,94.0,71.0,106.0,99.0,49.0,89.0,153.0,135.0,141.0,123.0,134.0,126.0,108.0,130.0,201.0,61.0,38.0,120.0,116.0,223.0,7.0,124.0,124.0,57.0,83.0,115.0,128.0,126.0,38.0,121.0,113.0,129.0,206.0,114.0,109.0,112.0
149.0,86.0,155.0,154.0,194.0,317.0,157.0,138.0,139.0,135.0,214.0,213.0,151.0,137.0,175.0,143.0,282.0,179.0,141.0,196.0,165.0,229.0,167.0,156.0,63.0,183.0,138.0,140.0,174.0,200.0,22.0,228.0,122.0,41.0,61.0,161.0,260.0,149.0,285.0,75.0,66.0,123.0,88.0,53.0,146.0,176.0,170.0,200.0,228.0,170.0,230.0,170.0,215.0,142.0,166.0,127.0,131.0,133.0,192.0,245.0,134.0,0.0,245.0,179.0,157.0,211.0,119.0,159.0,147.0,68.0,70.0,169.0,140.0,130.0,112.0,173.0,130.0,117.0,138.0,55.0,143.0,147.0,159.0,30.0,236.0,195.0,87.0,232.0,160.0,156.0,165.0,131.0,218.0,199.0,141.0,74.0,68.0,152.0,178.0,184.0,230.0,142.0,133.0,144.0,35.0,150.0,308.0,136.0,35.0,34.0
112.0,189.0,108.0,112.0,135.0,95.0,120.0,196.0,247.0,195.0,320.0,319.0,126.0,140.0,97.0,116.0,60.0,97.0,108.0,120.0,288.0,25.0,93.0,254.0,203.0,70.0,112.0,210.0,96.0,306.0,227.0,320.0,200.0,226.0,202.0,87.0,70.0,217.0,63.0,207.0,200.0,183.0,191.0,207.0,114.0,113.0,92.0,306.0,320.0,93.0,26.0,84.0,321.0,110.0,117.0,237.0,195.0,143.0,298.0,66.0,143.0,249.0,0.0,116.0,257.0,317.0,197.0,95.0,131.0,203.0,198.0,257.0,128.0,188.0,176.0,76.0,188.0,181.0,122.0,206.0,235.0,217.0,223.0,240.0,24.0,119.0,190.0,20.0,283.0,95.0,115.0,202.0,46.0,305.0,136.0,206.0,206.0,97.0,96.0,144.0,26.0,208.0,130.0,203.0,230.0,211.0,86.0,196.0,226.0,229.0
38.0,140.0,16.0,43.0,118.0,193.0,69.0,147.0,188.0,146.0,271.0,270.0,75.0,84.0,30.0,38.0,158.0,48.0,34.0,103.0,233.0,105.0,30.0,194.0,154.0,62.0,34.0,151.0,31.0,257.0,153.0,246.0,151.0,152.0,128.0,46.0,136.0,157.0,161.0,158.0,151.0,134.0,142.0,133.0,36.0,3.0,31.0,257.0,246.0,59.0,106.0,39.0,272.0,32.0,60.0,178.0,146.0,65.0,249.0,121.0,81.0,175.0,121.0,0.0,197.0,268.0,148.0,34.0,53.0,135.0,149.0,197.0,50.0,139.0,127.0,52.0,139.0,132.0,44.0,132.0,176.0,157.0,163.0,166.0,112.0,102.0,141.0,108.0,231.0,35.0,54.0,153.0,94.0,256.0,85.0,157.0,157.0,27.0,47.0,117.0,106.0,148.0,56.0,143.0,156.0,151.0,184.0,147.0,152.0,155.0
175.0,91.0,157.0,180.0,161.0,301.0,189.0,74.0,18.0,83.0,222.0,221.0,183.0,169.0,177.0,159.0,266.0,178.0,167.0,172.0,50.0,213.0,174.0,11.0,99.0,170.0,164.0,50.0,177.0,208.0,154.0,289.0,92.0,144.0,151.0,187.0,238.0,46.0,269.0,93.0,100.0,81.0,93.0,141.0,154.0,152.0,173.0,208.0,289.0,196.0,214.0,165.0,223.0,164.0,197.0,38.0,83.0,133.0,200.0,223.0,166.0,154.0,229.0,155.0,0.0,219.0,83.0,175.0,155.0,114.0,84.0,28.0,148.0,80.0,88.0,180.0,82.0,83.0,146.0,136.0,30.0,40.0,56.0,128.0,220.0,171.0,92.0,216.0,51.0,176.0,191.0,90.0,202.0,207.0,173.0,89.0,92.0,168.0,177.0,160.0,214.0,49.0,163.0,55.0,138.0,53.0,292.0,84.0,138.0,137.0
267.0,185.0,259.0,272.0,272.0,403.0,276.0,209.0,198.0,206.0,236.0,20.0,270.0,256.0,279.0,259.0,368.0,280.0,259.0,274.0,224.0,315.0,276.0,215.0,178.0,272.0,256.0,206.0,279.0,97.0,233.0,383.0,190.0,223.0,230.0,279.0,340.0,215.0,371.0,172.0,179.0,194.0,187.0,220.0,254.0,254.0,275.0,97.0,383.0,288.0,316.0,267.0,237.0,260.0,285.0,186.0,202.0,235.0,87.0,325.0,253.0,233.0,331.0,257.0,216.0,0.0,187.0,277.0,255.0,207.0,163.0,228.0,248.0,201.0,183.0,282.0,201.0,188.0,246.0,222.0,202.0,213.0,225.0,207.0,322.0,273.0,186.0,318.0,219.0,274.0,283.0,199.0,304.0,41.0,260.0,171.0,171.0,270.0,279.0,262.0,316.0,212.0,251.0,214.0,217.0,220.0,394.0,207.0,217.0,216.0
129.0,50.0,121.0,134.0,132.0,265.0,138.0,30.0,70.0,33.0,181.0,180.0,132.0,118.0,141.0,121.0,230.0,142.0,121.0,136.0,118.0,177.0,138.0,79.0,64.0,134.0,118.0,33.0,141.0,167.0,127.0,239.0,9.0,112.0,109.0,141.0,202.0,44.0,233.0,68.0,61.0,36.0,52.0,92.0,116.0,116.0,137.0,167.0,239.0,150.0,178.0,129.0,182.0,122.0,147.0,60.0,35.0,97.0,159.0,187.0,115.0,127.0,193.0,119.0,82.0,178.0,0.0,139.0,117.0,64.0,59.0,91.0,110.0,33.0,44.0,144.0,35.0,39.0,108.0,86.0,58.0,44.0,54.0,101.0,184.0,135.0,51.0,180.0,113.0,136.0,145.0,18.0,166.0,166.0,122.0,67.0,67.0,132.0,141.0,124.0,178.0,35.0,113.0,37.0,106.0,43.0,256.0,34.0,106.0,105.0
25.0,128.0,18.0,25.0,90.0,165.0,43.0,135.0,176.0,134.0,259.0,258.0,49.0,63.0,16.0,26.0,130.0,20.0,21.0,75.0,221.0,77.0,8.0,182.0,142.0,32.0,22.0,139.0,15.0,245.0,140.0,233.0,139.0,139.0,115.0,16.0,108.0,145.0,133.0,146.0,139.0,122.0,130.0,120.0,24.0,41.0,11.0,245.0,233.0,29.0,78.0,11.0,260.0,20.0,34.0,166.0,134.0,53.0,237.0,93.0,66.0,162.0,93.0,38.0,185.0,256.0,136.0,0.0,41.0,122.0,137.0,185.0,38.0,127.0,115.0,22.0,127.0,120.0,32.0,119.0,164.0,145.0,151.0,153.0,84.0,74.0,129.0,80.0,219.0,5.0,28.0,141.0,66.0,244.0,59.0,145.0,145.0,7.0,19.0,89.0,78.0,136.0,43.0,131.0,143.0,139.0,156.0,135.0,139.0,142.0
45.0,105.0,37.0,50.0,102.0,204.0,76.0,112.0,153.0,111.0,236.0,235.0,77.0,63.0,57.0,32.0,169.0,61.0,40.0,109.0,198.0,116.0,49.0,159.0,119.0,69.0,29.0,116.0,56.0,222.0,121.0,214.0,116.0,120.0,96.0,53.0,147.0,122.0,172.0,123.0,116.0,99.0,107.0,101.0,17.0,82.0,52.0,222.0,214.0,66.0,117.0,52.0,237.0,27.0,67.0,143.0,111.0,30.0,214.0,132.0,60.0,143.0,132.0,79.0,162.0,233.0,113.0,41.0,0.0,103.0,114.0,162.0,7.0,104.0,92.0,59.0,104.0,97.0,11.0,100.0,141.0,122.0,128.0,134.0,123.0,108.0,106.0,119.0,196.0,42.0,61.0,118.0,105.0,221.0,67.0,122.0,122.0,34.0,60.0,97.0,117.0,113.0,37.0,108.0,124.0,116.0,195.0,112.0,120.0,123.0
110.0,29.0,116.0,115.0,143.0,274.0,118.0,75.0,103.0,72.0,177.0,176.0,112.0,98.0,136.0,104.0,239.0,140.0,102.0,145.0,135.0,186.0,128.0,118.0,37.0,143.0,99.0,83.0,135.0,163.0,71.0,189.0,68.0,52.0,47.0,122.0,211.0,92.0,242.0,53.0,34.0,60.0,31.0,28.0,107.0,125.0,131.0,163.0,189.0,131.0,187.0,131.0,178.0,103.0,127.0,89.0,68.0,94.0,155.0,196.0,95.0,81.0,202.0,128.0,121.0,174.0,65.0,120.0,108.0,0.0,44.0,135.0,101.0,67.0,49.0,134.0,67.0,54.0,99.0,22.0,97.0,90.0,102.0,60.0,193.0,144.0,30.0,189.0,130.0,117.0,126.0,77.0,175.0,162.0,102.0,52.0,48.0,113.0,139.0,133.0,187.0,85.0,94.0,82.0,56.0,90.0,265.0,73.0,52.0,55.0
129.0,32.0,121.0,134.0,134.0,265.0,138.0,71.0,69.0,68.0,144.0,143.0,132.0,118.0,141.0,121.0,230.0,142.0,121.0,136.0,95.0,177.0,138.0,86.0,15.0,134.0,118.0,77.0,141.0,130.0,70.0,225.0,52.0,60.0,67.0,141.0,202.0,86.0,233.0,9.0,16.0,56.0,34.0,57.0,116.0,116.0,137.0,130.0,225.0,150.0,178.0,129.0,145.0,122.0,147.0,57.0,64.0,97.0,122.0,187.0,115.0,70.0,193.0,119.0,87.0,141.0,49.0,139.0,117.0,44.0,0.0,99.0,110.0,63.0,45.0,144.0,63.0,50.0,108.0,59.0,73.0,84.0,96.0,44.0,184.0,135.0,33.0,180.0,90.0,136.0,145.0,61.0,166.0,129.0,122.0,8.0,8.0,132.0,141.0,124.0,178.0,82.0,113.0,78.0,54.0,86.0,256.0,69.0,54.0,53.0
175.0,107.0,157.0,180.0,161.0,301.0,189.0,74.0,38.0,85.0,238.0,237.0,183.0,169.0,177.0,159.0,266.0,178.0,167.0,172.0,64.0,213.0,174.0,23.0,115.0,170.0,164.0,64.0,177.0,224.0,170.0,302.0,100.0,160.0,167.0,187.0,238.0,54.0,269.0,109.0,116.0,81.0,109.0,157.0,154.0,152.0,173.0,224.0,302.0,196.0,214.0,165.0,239.0,164.0,197.0,54.0,85.0,133.0,216.0,223.0,166.0,170.0,229.0,155.0,28.0,235.0,91.0,175.0,155.0,130.0,100.0,0.0,148.0,82.0,88.0,180.0,84.0,83.0,146.0,152.0,44.0,50.0,54.0,144.0,220.0,171.0,108.0,216.0,65.0,176.0,191.0,92.0,202.0,223.0,173.0,105.0,108.0,168.0,177.0,160.0,214.0,56.0,163.0,56.0,154.0,48.0,292.0,86.0,154.0,153.0
41.0,98.0,34.0,46.0,95.0,201.0,72.0,105.0,146.0,104.0,229.0,228.0,70.0,56.0,54.0,25.0,166.0,58.0,33.0,102.0,191.0,113.0,46.0,152.0,112.0,66.0,26.0,109.0,53.0,215.0,114.0,207.0,109.0,113.0,89.0,50.0,144.0,115.0,169.0,116.0,109.0,92.0,100.0,94.0,14.0,79.0,49.0,215.0,207.0,62.0,114.0,49.0,230.0,24.0,63.0,136.0,104.0,23.0,207.0,129.0,53.0,136.0,129.0,76.0,155.0,226.0,106.0,38.0,7.0,96.0,107.0,155.0,0.0,97.0,85.0,56.0,97.0,90.0,6.0,93.0,134.0,115.0,121.0,127.0,120.0,101.0,99.0,116.0,189.0,39.0,57.0,111.0,102.0,214.0,60.0,115.0,115.0,31.0,57.0,90.0,114.0,106.0,30.0,101.0,117.0,109.0,192.0,105.0,113.0,116.0
116.0,56.0,108.0,121.0,115.0,252.0,125.0,12.0,67.0,11.0,188.0,187.0,119.0,105.0,128.0,108.0,217.0,129.0,108.0,123.0,115.0,164.0,125.0,76.0,67.0,121.0,105.0,30.0,128.0,174.0,129.0,232.0,27.0,115.0,104.0,128.0,189.0,41.0,220.0,75.0,64.0,7.0,58.0,95.0,103.0,103.0,124.0,174.0,232.0,137.0,165.0,116.0,189.0,109.0,134.0,57.0,11.0,84.0,166.0,174.0,102.0,130.0,180.0,106.0,79.0,185.0,33.0,126.0,104.0,67.0,66.0,83.0,97.0,0.0,18.0,131.0,6.0,13.0,95.0,89.0,55.0,41.0,49.0,104.0,171.0,122.0,57.0,167.0,110.0,123.0,132.0,18.0,153.0,173.0,109.0,74.0,74.0,119.0,128.0,111.0,165.0,32.0,100.0,29.0,109.0,37.0,243.0,12.0,109.0,108.0
105.0,38.0,97.0,110.0,110.0,241.0,114.0,26.0,77.0,23.0,170.0,169.0,108.0,94.0,117.0,97.0,206.0,118.0,97.0,112.0,123.0,153.0,114.0,84.0,49.0,110.0,94.0,40.0,117.0,156.0,112.0,221.0,39.0,97.0,93.0,117.0,178.0,47.0,209.0,57.0,46.0,11.0,40.0,77.0,92.0,92.0,113.0,156.0,221.0,126.0,154.0,105.0,171.0,98.0,123.0,67.0,19.0,73.0,148.0,163.0,91.0,112.0,169.0,95.0,87.0,167.0,44.0,115.0,93.0,49.0,48.0,87.0,86.0,18.0,0.0,120.0,18.0,5.0,84.0,71.0,65.0,47.0,53.0,86.0,160.0,111.0,39.0,156.0,120.0,112.0,121.0,30.0,142.0,155.0,98.0,56.0,56.0,108.0,117.0,100.0,154.0,38.0,89.0,33.0,91.0,41.0,232.0,24.0,91.0,90.0
40.0,138.0,36.0,40.0,84.0,149.0,50.0,145.0,194.0,144.0,269.0,268.0,56.0,70.0,33.0,44.0,114.0,34.0,36.0,69.0,237.0,61.0,25.0,200.0,152.0,10.0,40.0,157.0,32.0,255.0,155.0,248.0,149.0,154.0,130.0,15.0,92.0,163.0,117.0,156.0,149.0,132.0,140.0,135.0,42.0,58.0,28.0,255.0,248.0,23.0,62.0,28.0,270.0,38.0,47.0,184.0,144.0,71.0,247.0,77.0,73.0,177.0,77.0,55.0,203.0,266.0,146.0,25.0,59.0,137.0,147.0,203.0,56.0,137.0,125.0,0.0,137.0,130.0,50.0,134.0,182.0,163.0,169.0,168.0,68.0,68.0,139.0,64.0,232.0,23.0,43.0,151.0,50.0,254.0,66.0,155.0,155.0,25.0,33.0,93.0,62.0,154.0,58.0,149.0,158.0,157.0,140.0,145.0,154.0,157.0
116.0,56.0,108.0,121.0,115.0,252.0,125.0,14.0,69.0,13.0,188.0,187.0,119.0,105.0,128.0,108.0,217.0,129.0,108.0,123.0,117.0,164.0,125.0,78.0,67.0,121.0,105.0,32.0,128.0,174.0,129.0,232.0,29.0,115.0,104.0,128.0,189.0,43.0,220.0,75.0,64.0,7.0,58.0,95.0,103.0,103.0,124.0,174.0,232.0,137.0,165.0,116.0,189.0,109.0,134.0,59.0,13.0,84.0,166.0,174.0,102.0,130.0,180.0,106.0,81.0,185.0,35.0,126.0,104.0,67.0,66.0,85.0,97.0,6.0,18.0,131.0,0.0,13.0,95.0,89.0,57.0,43.0,51.0,104.0,171.0,122.0,57.0,167.0,112.0,123.0,132.0,20.0,153.0,173.0,109.0,74.0,74.0,119.0,128.0,111.0,165.0,34.0,100.0,31.0,109.0,39.0,243.0,14.0,109.0,108.0
110.0,43.0,102.0,115.0,112.0,246.0,119.0,21.0,72.0,18.0,175.0,174.0,113.0,99.0,122.0,102.0,211.0,123.0,102.0,117.0,118.0,158.0,119.0,79.0,54.0,115.0,99.0,35.0,122.0,161.0,117.0,226.0,34.0,102.0,98.0,122.0,183.0,42.0,214.0,62.0,51.0,6.0,45.0,82.0,97.0,97.0,118.0,161.0,226.0,131.0,159.0,110.0,176.0,103.0,128.0,62.0,14.0,78.0,153.0,168.0,96.0,117.0,174.0,100.0,82.0,172.0,39.0,120.0,98.0,54.0,53.0,82.0,91.0,13.0,5.0,125.0,13.0,0.0,89.0,76.0,60.0,42.0,48.0,91.0,165.0,116.0,44.0,161.0,115.0,117.0,126.0,25.0,147.0,160.0,103.0,61.0,61.0,113.0,122.0,105.0,159.0,33.0,94.0,28.0,96.0,36.0,237.0,19.0,96.0,95.0
36.0,96.0,28.0,41.0,93.0,195.0,67.0,103.0,144.0,102.0,227.0,226.0,68.0,54.0,48.0,23.0,160.0,52.0,31.0,100.0,189.0,107.0,40.0,150.0,110.0,60.0,20.0,107.0,47.0,213.0,112.0,205.0,107.0,111.0,87.0,44.0,138.0,113.0,163.0,114.0,107.0,90.0,98.0,92.0,8.0,73.0,43.0,213.0,205.0,57.0,108.0,43.0,228.0,18.0,58.0,134.0,102.0,21.0,205.0,123.0,51.0,134.0,123.0,70.0,153.0,224.0,104.0,32.0,11.0,94.0,105.0,153.0,6.0,95.0,83.0,50.0,95.0,88.0,0.0,91.0,132.0,113.0,119.0,125.0,114.0,99.0,97.0,110.0,187.0,33.0,52.0,109.0,96.0,212.0,58.0,113.0,113.0,25.0,51.0,88.0,108.0,104.0,28.0,99.0,115.0,107.0,186.0,103.0,111.0,114.0
101.0,50.0,107.0,106.0,146.0,269.0,109.0,96.0,120.0,93.0,195.0,194.0,103.0,89.0,127.0,95.0,234.0,131.0,93.0,148.0,146.0,181.0,119.0,137.0,36.0,135.0,90.0,104.0,126.0,181.0,52.0,180.0,89.0,33.0,26.0,113.0,212.0,113.0,237.0,56.0,39.0,81.0,52.0,6.0,98.0,128.0,122.0,181.0,180.0,122.0,182.0,122.0,196.0,94.0,118.0,108.0,89.0,85.0,173.0,197.0,86.0,68.0,197.0,131.0,138.0,192.0,86.0,111.0,99.0,35.0,51.0,150.0,92.0,88.0,70.0,125.0,88.0,75.0,90.0,0.0,118.0,111.0,123.0,47.0,188.0,147.0,51.0,184.0,141.0,108.0,117.0,98.0,170.0,180.0,93.0,55.0,49.0,104.0,130.0,136.0,182.0,106.0,85.0,103.0,37.0,111.0,260.0,94.0,33.0,36.0
155.0,74.0,137.0,160.0,141.0,281.0,169.0,52.0,17.0,59.0,208.0,207.0,163.0,149.0,157.0,139.0,246.0,158.0,147.0,152.0,66.0,193.0,154.0,27.0,85.0,150.0,144.0,26.0,157.0,194.0,140.0,272.0,68.0,130.0,137.0,167.0,218.0,28.0,249.0,79.0,86.0,59.0,76.0,125.0,134.0,132.0,153.0,194.0,272.0,176.0,194.0,145.0,209.0,144.0,177.0,24.0,59.0,113.0,186.0,203.0,146.0,140.0,209.0,135.0,30.0,205.0,59.0,155.0,135.0,97.0,70.0,44.0,128.0,56.0,66.0,160.0,58.0,61.0,126.0,119.0,0.0,22.0,38.0,114.0,200.0,151.0,75.0,196.0,67.0,156.0,171.0,66.0,182.0,193.0,153.0,75.0,78.0,148.0,157.0,140.0,194.0,31.0,143.0,37.0,124.0,37.0,272.0,60.0,124.0,123.0
135.0,67.0,117.0,140.0,121.0,261.0,149.0,34.0,32.0,44.0,209.0,208.0,143.0,129.0,137.0,119.0,226.0,138.0,127.0,132.0,76.0,173.0,134.0,37.0,88.0,130.0,124.0,19.0,137.0,195.0,146.0,262.0,53.0,136.0,134.0,147.0,198.0,6.0,229.0,85.0,85.0,41.0,69.0,118.0,114.0,112.0,133.0,195.0,262.0,156.0,174.0,125.0,210.0,124.0,157.0,42.0,44.0,93.0,187.0,183.0,126.0,146.0,189.0,115.0,40.0,206.0,44.0,135.0,115.0,90.0,76.0,50.0,108.0,41.0,48.0,140.0,43.0,43.0,106.0,112.0,22.0,0.0,16.0,120.0,180.0,131.0,68.0,176.0,77.0,136.0,151.0,51.0,162.0,194.0,133.0,84.0,84.0,128.0,137.0,120.0,174.0,9.0,123.0,15.0,130.0,15.0,252.0,45.0,130.0,129.0
141.0,79.0,123.0,146.0,127.0,267.0,155.0,40.0,48.0,51.0,221.0,220.0,149.0,135.0,143.0,125.0,232.0,144.0,133.0,138.0,92.0,179.0,140.0,53.0,100.0,136.0,130.0,29.0,143.0,207.0,158.0,268.0,63.0,148.0,140.0,153.0,204.0,10.0,235.0,97.0,97.0,47.0,81.0,130.0,120.0,118.0,139.0,207.0,268.0,162.0,180.0,131.0,222.0,130.0,163.0,58.0,51.0,99.0,199.0,189.0,132.0,158.0,195.0,121.0,56.0,218.0,54.0,141.0,121.0,102.0,88.0,54.0,114.0,48.0,54.0,146.0,50.0,49.0,112.0,124.0,38.0,16.0,0.0,132.0,186.0,137.0,80.0,182.0,93.0,142.0,157.0,58.0,168.0,206.0,139.0,96.0,96.0,134.0,143.0,126.0,180.0,19.0,129.0,22.0,142.0,14.0,258.0,52.0,142.0,141.0
128.0,60.0,134.0,133.0,173.0,296.0,136.0,112.0,113.0,109.0,188.0,187.0,130.0,116.0,154.0,122.0,261.0,158.0,120.0,175.0,139.0,208.0,146.0,130.0,37.0,162.0,117.0,114.0,153.0,174.0,30.0,207.0,96.0,20.0,40.0,140.0,239.0,123.0,264.0,49.0,40.0,97.0,62.0,32.0,125.0,155.0,149.0,174.0,207.0,149.0,209.0,149.0,189.0,121.0,145.0,101.0,105.0,112.0,166.0,224.0,113.0,30.0,224.0,158.0,131.0,185.0,93.0,138.0,126.0,47.0,44.0,143.0,119.0,104.0,86.0,152.0,104.0,91.0,117.0,34.0,117.0,121.0,133.0,0.0,215.0,174.0,61.0,211.0,134.0,135.0,144.0,105.0,197.0,173.0,120.0,48.0,42.0,131.0,157.0,163.0,209.0,116.0,112.0,118.0,14.0,124.0,287.0,110.0,14.0,13.0
102.0,179.0,98.0,102.0,125.0,95.0,110.0,186.0,237.0,185.0,310.0,309.0,116.0,130.0,87.0,106.0,60.0,87.0,98.0,110.0,278.0,12.0,83.0,244.0,193.0,60.0,102.0,200.0,86.0,296.0,217.0,310.0,190.0,216.0,192.0,77.0,60.0,207.0,63.0,197.0,190.0,173.0,181.0,197.0,104.0,103.0,82.0,296.0,310.0,83.0,16.0,74.0,311.0,100.0,107.0,227.0,185.0,133.0,288.0,56.0,133.0,239.0,23.0,106.0,247.0,307.0,187.0,85.0,121.0,193.0,188.0,247.0,118.0,178.0,166.0,66.0,178.0,171.0,112.0,196.0,225.0,207.0,213.0,230.0,0.0,109.0,180.0,4.0,273.0,85.0,105.0,192.0,63.0,295.0,126.0,196.0,196.0,87.0,86.0,134.0,11.0,198.0,120.0,193.0,220.0,201.0,86.0,186.0,216.0,219.0
80.0,129.0,58.0,85.0,48.0,190.0,111.0,136.0,187.0,135.0,260.0,259.0,117.0,126.0,78.0,80.0,155.0,79.0,76.0,21.0,228.0,102.0,75.0,194.0,143.0,61.0,76.0,150.0,78.0,246.0,179.0,272.0,140.0,178.0,154.0,86.0,108.0,157.0,158.0,147.0,140.0,123.0,131.0,159.0,78.0,53.0,74.0,246.0,272.0,94.0,103.0,66.0,261.0,74.0,102.0,177.0,135.0,93.0,238.0,93.0,123.0,201.0,118.0,56.0,197.0,257.0,137.0,76.0,95.0,143.0,138.0,197.0,92.0,128.0,116.0,71.0,128.0,121.0,86.0,158.0,175.0,157.0,163.0,180.0,109.0,0.0,130.0,105.0,223.0,77.0,96.0,142.0,91.0,245.0,127.0,146.0,146.0,69.0,78.0,49.0,103.0,148.0,98.0,143.0,182.0,151.0,181.0,136.0,178.0,181.0
121.0,3.0,122.0,126.0,135.0,266.0,129.0,63.0,81.0,60.0,155.0,154.0,123.0,109.0,142.0,115.0,231.0,143.0,113.0,137.0,113.0,178.0,139.0,96.0,22.0,135.0,110.0,61.0,142.0,141.0,85.0,200.0,55.0,70.0,70.0,133.0,203.0,70.0,234.0,31.0,19.0,48.0,1.0,53.0,117.0,117.0,138.0,141.0,200.0,142.0,179.0,130.0,156.0,114.0,138.0,67.0,56.0,98.0,133.0,188.0,106.0,85.0,194.0,120.0,99.0,152.0,52.0,131.0,118.0,25.0,22.0,113.0,111.0,55.0,37.0,145.0,55.0,42.0,109.0,47.0,75.0,68.0,80.0,59.0,185.0,136.0,0.0,181.0,108.0,128.0,137.0,64.0,167.0,140.0,113.0,30.0,30.0,124.0,142.0,125.0,179.0,63.0,105.0,65.0,64.0,71.0,257.0,61.0,64.0,63.0
98.0,175.0,94.0,98.0,121.0,91.0,106.0,182.0,233.0,181.0,306.0,305.0,112.0,126.0,83.0,102.0,56.0,83.0,94.0,106.0,274.0,8.0,79.0,240.0,189.0,56.0,98.0,196.0,82.0,292.0,213.0,306.0,186.0,212.0,188.0,73.0,56.0,203.0,59.0,193.0,186.0,169.0,177.0,193.0,100.0,99.0,78.0,292.0,306.0,79.0,12.0,70.0,307.0,96.0,103.0,223.0,181.0,129.0,284.0,52.0,129.0,235.0,19.0,102.0,243.0,303.0,183.0,81.0,117.0,189.0,184.0,243.0,114.0,174.0,162.0,62.0,174.0,167.0,108.0,192.0,221.0,203.0,209.0,226.0,4.0,105.0,176.0,0.0,269.0,81.0,101.0,188.0,59.0,291.0,122.0,192.0,192.0,83.0,82.0,130.0,7.0,194.0,116.0,189.0,216.0,197.0,82.0,182.0,212.0,215.0
193.0,101.0,185.0,198.0,192.0,329.0,202.0,105.0,69.0,114.0,228.0,227.0,196.0,182.0,205.0,185.0,294.0,206.0,185.0,200.0,10.0,241.0,202.0,54.0,105.0,198.0,182.0,93.0,205.0,214.0,160.0,299.0,116.0,150.0,157.0,205.0,266.0,85.0,297.0,99.0,106.0,112.0,103.0,147.0,180.0,180.0,201.0,214.0,299.0,214.0,242.0,193.0,229.0,186.0,211.0,64.0,114.0,161.0,206.0,251.0,179.0,160.0,257.0,183.0,59.0,225.0,113.0,203.0,181.0,124.0,90.0,31.0,174.0,111.0,109.0,208.0,113.0,114.0,172.0,146.0,75.0,81.0,85.0,134.0,248.0,199.0,102.0,244.0,0.0,200.0,209.0,121.0,230.0,213.0,186.0,95.0,98.0,196.0,205.0,188.0,242.0,87.0,177.0,87.0,144.0,79.0,320.0,115.0,144.0,143.0
20.0,129.0,19.0,20.0,98.0,168.0,38.0,136.0,177.0,135.0,260.0,259.0,44.0,58.0,24.0,27.0,133.0,28.0,16.0,83.0,222.0,80.0,16.0,183.0,140.0,33.0,23.0,140.0,23.0,246.0,135.0,228.0,140.0,134.0,110.0,15.0,111.0,146.0,136.0,147.0,137.0,123.0,131.0,115.0,25.0,49.0,19.0,246.0,228.0,24.0,81.0,19.0,261.0,21.0,29.0,167.0,135.0,54.0,238.0,96.0,61.0,157.0,96.0,46.0,186.0,257.0,137.0,9.0,42.0,117.0,138.0,186.0,39.0,128.0,116.0,23.0,128.0,121.0,33.0,114.0,165.0,146.0,152.0,148.0,87.0,82.0,130.0,83.0,220.0,0.0,23.0,142.0,69.0,245.0,54.0,146.0,146.0,8.0,27.0,97.0,81.0,137.0,38.0,132.0,138.0,140.0,159.0,136.0,134.0,137.0
16.0,142.0,38.0,11.0,117.0,184.0,15.0,149.0,196.0,148.0,273.0,272.0,21.0,35.0,43.0,46.0,149.0,47.0,26.0,102.0,241.0,96.0,35.0,202.0,150.0,50.0,42.0,159.0,42.0,259.0,145.0,238.0,153.0,144.0,120.0,28.0,127.0,165.0,152.0,160.0,147.0,136.0,144.0,125.0,44.0,68.0,38.0,259.0,238.0,28.0,97.0,38.0,274.0,40.0,6.0,186.0,148.0,73.0,251.0,112.0,38.0,167.0,112.0,65.0,205.0,270.0,150.0,32.0,61.0,127.0,151.0,205.0,58.0,141.0,129.0,40.0,141.0,134.0,52.0,124.0,184.0,165.0,171.0,158.0,103.0,101.0,143.0,99.0,236.0,23.0,0.0,155.0,85.0,258.0,31.0,159.0,159.0,31.0,46.0,116.0,97.0,156.0,48.0,151.0,148.0,159.0,175.0,149.0,144.0,147.0
130.0,62.0,122.0,135.0,129.0,266.0,139.0,22.0,77.0,15.0,193.0,192.0,133.0,119.0,142.0,122.0,231.0,143.0,122.0,137.0,125.0,178.0,139.0,86.0,76.0,135.0,119.0,40.0,142.0,179.0,139.0,246.0,9.0,124.0,118.0,142.0,203.0,51.0,234.0,80.0,73.0,21.0,64.0,104.0,117.0,117.0,138.0,179.0,246.0,151.0,179.0,130.0,194.0,123.0,148.0,67.0,17.0,98.0,171.0,188.0,116.0,139.0,194.0,120.0,89.0,190.0,18.0,140.0,118.0,76.0,71.0,93.0,111.0,18.0,30.0,145.0,20.0,25.0,109.0,98.0,65.0,51.0,59.0,113.0,185.0,136.0,63.0,181.0,120.0,137.0,146.0,0.0,167.0,178.0,123.0,79.0,79.0,133.0,142.0,125.0,179.0,42.0,114.0,39.0,118.0,47.0,257.0,16.0,118.0,117.0
77.0,154.0,73.0,77.0,100.0,137.0,85.0,161.0,212.0,160.0,285.0,284.0,91.0,105.0,62.0,81.0,102.0,62.0,73.0,85.0,253.0,63.0,58.0,219.0,168.0,35.0,77.0,175.0,61.0,271.0,192.0,285.0,165.0,191.0,167.0,52.0,97.0,182.0,105.0,172.0,165.0,148.0,156.0,172.0,79.0,78.0,57.0,271.0,285.0,58.0,64.0,49.0,286.0,75.0,82.0,202.0,160.0,108.0,263.0,82.0,108.0,214.0,49.0,81.0,222.0,282.0,162.0,60.0,96.0,168.0,163.0,222.0,93.0,153.0,141.0,41.0,153.0,146.0,87.0,171.0,200.0,182.0,188.0,205.0,66.0,84.0,155.0,62.0,248.0,60.0,80.0,167.0,0.0,270.0,101.0,171.0,171.0,62.0,61.0,109.0,64.0,173.0,95.0,168.0,195.0,176.0,128.0,161.0,191.0,194.0
249.0,167.0,241.0,254.0,254.0,385.0,258.0,191.0,180.0,188.0,218.0,37.0,252.0,238.0,261.0,241.0,350.0,262.0,241.0,256.0,206.0,297.0,258.0,197.0,160.0,254.0,238.0,188.0,261.0,79.0,215.0,365.0,172.0,205.0,212.0,261.0,322.0,197.0,353.0,154.0,161.0,176.0,169.0,202.0,236.0,236.0,257.0,79.0,365.0,270.0,298.0,249.0,219.0,242.0,267.0,168.0,184.0,217.0,69.0,307.0,235.0,215.0,313.0,239.0,198.0,41.0,169.0,259.0,237.0,189.0,145.0,210.0,230.0,183.0,165.0,264.0,183.0,170.0,228.0,204.0,184.0,195.0,207.0,189.0,304.0,255.0,168.0,300.0,201.0,256.0,265.0,181.0,286.0,0.0,242.0,153.0,153.0,252.0,261.0,244.0,298.0,194.0,233.0,196.0,199.0,202.0,376.0,189.0,199.0,198.0
47.0,114.0,67.0,42.0,125.0,208.0,16.0,121.0,172.0,120.0,245.0,244.0,10.0,4.0,73.0,55.0,173.0,77.0,53.0,132.0,213.0,120.0,65.0,179.0,122.0,74.0,50.0,135.0,72.0,231.0,117.0,209.0,125.0,116.0,92.0,58.0,151.0,142.0,176.0,132.0,119.0,108.0,116.0,97.0,62.0,98.0,68.0,231.0,209.0,45.0,121.0,68.0,246.0,54.0,25.0,162.0,120.0,56.0,223.0,136.0,7.0,139.0,136.0,95.0,182.0,242.0,122.0,63.0,65.0,99.0,123.0,182.0,58.0,113.0,101.0,64.0,113.0,106.0,56.0,96.0,160.0,142.0,148.0,130.0,127.0,131.0,115.0,123.0,208.0,54.0,31.0,127.0,109.0,230.0,0.0,131.0,131.0,62.0,76.0,122.0,121.0,133.0,45.0,128.0,120.0,136.0,199.0,121.0,116.0,119.0
137.0,36.0,129.0,142.0,142.0,273.0,146.0,79.0,76.0,76.0,151.0,150.0,140.0,126.0,149.0,129.0,238.0,150.0,129.0,144.0,102.0,185.0,146.0,93.0,19.0,142.0,126.0,84.0,149.0,137.0,74.0,229.0,60.0,64.0,71.0,149.0,210.0,93.0,241.0,5.0,20.0,64.0,38.0,61.0,124.0,124.0,145.0,137.0,229.0,158.0,186.0,137.0,152.0,130.0,155.0,64.0,72.0,105.0,129.0,195.0,123.0,74.0,201.0,127.0,94.0,148.0,57.0,147.0,125.0,48.0,8.0,106.0,118.0,71.0,53.0,152.0,71.0,58.0,116.0,63.0,80.0,91.0,103.0,48.0,192.0,143.0,37.0,188.0,97.0,144.0,153.0,69.0,174.0,136.0,130.0,0.0,12.0,140.0,149.0,132.0,186.0,90.0,121.0,86.0,58.0,94.0,264.0,77.0,58.0,57.0
137.0,30.0,129.0,142.0,142.0,273.0,146.0,79.0,77.0,76.0,152.0,151.0,140.0,126.0,149.0,129.0,238.0,150.0,129.0,144.0,103.0,185.0,146.0,94.0,13.0,142.0,126.0,84.0,149.0,138.0,64.0,223.0,60.0,54.0,62.0,149.0,210.0,93.0,241.0,13.0,14.0,64.0,32.0,52.0,124.0,124.0,145.0,138.0,223.0,158.0,186.0,137.0,153.0,130.0,155.0,65.0,72.0,105.0,130.0,195.0,123.0,64.0,201.0,127.0,95.0,149.0,57.0,147.0,125.0,42.0,8.0,107.0,118.0,71.0,53.0,152.0,71.0,58.0,116.0,54.0,81.0,91.0,103.0,38.0,192.0,143.0,31.0,188.0,98.0,144.0,153.0,69.0,174.0,137.0,130.0,12.0,0.0,140.0,149.0,132.0,186.0,86.0,121.0,86.0,48.0,94.0,264.0,77.0,48.0,47.0
19.0,121.0,11.0,24.0,97.0,170.0,46.0,128.0,169.0,127.0,252.0,251.0,52.0,65.0,23.0,19.0,135.0,27.0,15.0,82.0,214.0,82.0,15.0,175.0,135.0,35.0,15.0,132.0,22.0,238.0,134.0,227.0,132.0,133.0,109.0,19.0,113.0,138.0,138.0,139.0,132.0,115.0,123.0,114.0,17.0,48.0,18.0,238.0,227.0,32.0,83.0,18.0,253.0,13.0,37.0,159.0,127.0,46.0,230.0,98.0,62.0,156.0,98.0,45.0,178.0,249.0,129.0,7.0,34.0,116.0,130.0,178.0,31.0,120.0,108.0,25.0,120.0,113.0,25.0,113.0,157.0,138.0,144.0,147.0,89.0,81.0,122.0,85.0,212.0,8.0,31.0,134.0,71.0,237.0,62.0,138.0,138.0,0.0,26.0,96.0,83.0,129.0,37.0,124.0,137.0,132.0,161.0,128.0,133.0,136.0
44.0,135.0,37.0,44.0,91.0,166.0,62.0,142.0,193.0,141.0,266.0,265.0,68.0,82.0,21.0,45.0,131.0,1.0,40.0,76.0,234.0,78.0,17.0,200.0,149.0,35.0,41.0,156.0,20.0,252.0,159.0,252.0,146.0,158.0,134.0,30.0,109.0,163.0,134.0,153.0,146.0,129.0,137.0,139.0,43.0,50.0,16.0,252.0,252.0,45.0,79.0,12.0,267.0,39.0,53.0,183.0,141.0,72.0,244.0,94.0,85.0,181.0,94.0,47.0,203.0,263.0,143.0,19.0,60.0,141.0,144.0,203.0,57.0,134.0,122.0,33.0,134.0,127.0,51.0,138.0,181.0,163.0,169.0,172.0,85.0,75.0,136.0,81.0,229.0,24.0,47.0,148.0,67.0,251.0,78.0,152.0,152.0,26.0,0.0,90.0,79.0,154.0,62.0,149.0,162.0,157.0,157.0,142.0,158.0,161.0
85.0,134.0,63.0,90.0,22.0,207.0,116.0,141.0,192.0,140.0,265.0,264.0,122.0,131.0,83.0,85.0,172.0,84.0,81.0,58.0,233.0,119.0,80.0,199.0,148.0,76.0,81.0,155.0,83.0,251.0,184.0,277.0,145.0,183.0,159.0,93.0,142.0,162.0,175.0,152.0,145.0,128.0,136.0,164.0,83.0,58.0,79.0,251.0,277.0,106.0,120.0,71.0,266.0,79.0,107.0,182.0,140.0,98.0,243.0,127.0,128.0,206.0,135.0,61.0,202.0,262.0,142.0,81.0,100.0,148.0,143.0,202.0,97.0,133.0,121.0,86.0,133.0,126.0,91.0,163.0,180.0,162.0,168.0,185.0,126.0,52.0,135.0,122.0,228.0,82.0,101.0,147.0,108.0,250.0,132.0,151.0,151.0,74.0,83.0,0.0,120.0,153.0,103.0,148.0,187.0,156.0,198.0,141.0,183.0,186.0
96.0,173.0,92.0,96.0,119.0,97.0,104.0,180.0,231.0,179.0,304.0,303.0,110.0,124.0,81.0,100.0,62.0,81.0,92.0,104.0,272.0,1.0,77.0,238.0,187.0,54.0,96.0,194.0,80.0,290.0,211.0,304.0,184.0,210.0,186.0,71.0,50.0,201.0,65.0,191.0,184.0,167.0,175.0,191.0,98.0,97.0,76.0,290.0,304.0,77.0,6.0,68.0,305.0,94.0,101.0,221.0,179.0,127.0,282.0,46.0,127.0,233.0,25.0,100.0,241.0,301.0,181.0,79.0,115.0,187.0,182.0,241.0,112.0,172.0,160.0,60.0,172.0,165.0,106.0,190.0,219.0,201.0,207.0,224.0,11.0,103.0,174.0,7.0,267.0,79.0,99.0,186.0,63.0,289.0,120.0,190.0,190.0,81.0,80.0,128.0,0.0,192.0,114.0,187.0,214.0,195.0,88.0,180.0,210.0,213.0
126.0,61.0,108.0,131.0,112.0,252.0,140.0,25.0,41.0,35.0,203.0,202.0,134.0,120.0,128.0,110.0,217.0,129.0,118.0,123.0,85.0,164.0,125.0,46.0,82.0,121.0,115.0,10.0,128.0,189.0,140.0,253.0,44.0,130.0,125.0,138.0,189.0,9.0,220.0,79.0,79.0,32.0,63.0,112.0,105.0,103.0,124.0,189.0,253.0,147.0,165.0,116.0,204.0,115.0,148.0,49.0,35.0,84.0,181.0,174.0,117.0,140.0,180.0,106.0,49.0,200.0,35.0,126.0,106.0,84.0,70.0,56.0,99.0,32.0,39.0,131.0,34.0,34.0,97.0,106.0,31.0,9.0,19.0,114.0,171.0,122.0,62.0,167.0,86.0,127.0,142.0,42.0,153.0,188.0,124.0,78.0,78.0,119.0,128.0,111.0,165.0,0.0,114.0,8.0,124.0,8.0,243.0,36.0,124.0,123.0
41.0,94.0,47.0,46.0,105.0,209.0,48.0,101.0,152.0,100.0,225.0,224.0,42.0,28.0,67.0,35.0,174.0,71.0,33.0,114.0,193.0,121.0,59.0,159.0,102.0,75.0,30.0,115.0,66.0,211.0,97.0,190.0,105.0,96.0,72.0,53.0,152.0,122.0,177.0,112.0,99.0,88.0,96.0,77.0,42.0,92.0,62.0,211.0,190.0,62.0,122.0,62.0,226.0,34.0,57.0,142.0,100.0,36.0,203.0,137.0,25.0,119.0,137.0,89.0,162.0,222.0,102.0,51.0,45.0,79.0,103.0,162.0,38.0,93.0,81.0,65.0,93.0,86.0,36.0,76.0,140.0,122.0,128.0,110.0,128.0,113.0,95.0,124.0,188.0,48.0,57.0,107.0,110.0,210.0,32.0,111.0,111.0,44.0,70.0,102.0,122.0,113.0,0.0,108.0,100.0,116.0,200.0,101.0,96.0,99.0
121.0,63.0,103.0,126.0,107.0,247.0,135.0,20.0,47.0,31.0,204.0,203.0,129.0,115.0,123.0,105.0,212.0,124.0,113.0,118.0,91.0,159.0,120.0,52.0,83.0,116.0,110.0,18.0,123.0,190.0,142.0,248.0,46.0,131.0,120.0,133.0,184.0,15.0,215.0,81.0,80.0,27.0,65.0,111.0,100.0,98.0,119.0,190.0,248.0,142.0,160.0,111.0,205.0,110.0,143.0,51.0,31.0,79.0,182.0,169.0,112.0,142.0,175.0,101.0,55.0,201.0,37.0,121.0,101.0,83.0,72.0,56.0,94.0,28.0,34.0,126.0,30.0,29.0,92.0,105.0,37.0,15.0,22.0,116.0,166.0,117.0,64.0,162.0,92.0,122.0,137.0,38.0,148.0,189.0,119.0,80.0,80.0,114.0,123.0,106.0,160.0,8.0,109.0,0.0,125.0,8.0,238.0,32.0,125.0,124.0
118.0,67.0,124.0,123.0,163.0,286.0,126.0,113.0,123.0,110.0,198.0,197.0,120.0,106.0,144.0,112.0,251.0,148.0,110.0,165.0,149.0,198.0,136.0,140.0,42.0,152.0,107.0,121.0,143.0,184.0,35.0,197.0,106.0,10.0,30.0,130.0,229.0,130.0,254.0,59.0,45.0,98.0,69.0,22.0,115.0,145.0,139.0,184.0,197.0,139.0,199.0,139.0,199.0,111.0,135.0,111.0,106.0,102.0,176.0,214.0,103.0,35.0,214.0,148.0,141.0,195.0,103.0,128.0,116.0,46.0,54.0,153.0,109.0,105.0,87.0,142.0,105.0,92.0,107.0,24.0,127.0,128.0,140.0,14.0,205.0,164.0,68.0,201.0,144.0,125.0,134.0,115.0,187.0,183.0,110.0,58.0,52.0,121.0,147.0,153.0,199.0,123.0,102.0,120.0,0.0,128.0,277.0,111.0,4.0,1.0
129.0,69.0,111.0,134.0,115.0,255.0,143.0,28.0,47.0,39.0,211.0,210.0,137.0,123.0,131.0,113.0,220.0,132.0,121.0,126.0,89.0,167.0,128.0,48.0,90.0,124.0,118.0,18.0,131.0,197.0,148.0,256.0,52.0,138.0,128.0,141.0,192.0,14.0,223.0,87.0,87.0,35.0,71.0,119.0,108.0,106.0,127.0,197.0,256.0,150.0,168.0,119.0,212.0,118.0,151.0,57.0,39.0,87.0,189.0,177.0,120.0,148.0,183.0,109.0,53.0,208.0,43.0,129.0,109.0,91.0,78.0,48.0,102.0,36.0,42.0,134.0,38.0,37.0,100.0,113.0,37.0,15.0,14.0,122.0,174.0,125.0,70.0,170.0,90.0,130.0,145.0,46.0,156.0,196.0,127.0,86.0,86.0,122.0,131.0,114.0,168.0,8.0,117.0,8.0,132.0,0.0,246.0,40.0,132.0,131.0
174.0,251.0,170.0,174.0,197.0,9.0,182.0,258.0,309.0,257.0,382.0,381.0,188.0,202.0,159.0,178.0,93.0,159.0,170.0,182.0,350.0,87.0,155.0,316.0,265.0,132.0,174.0,272.0,158.0,368.0,289.0,382.0,262.0,288.0,264.0,149.0,132.0,279.0,95.0,269.0,262.0,245.0,253.0,269.0,176.0,175.0,154.0,368.0,382.0,155.0,88.0,146.0,383.0,172.0,179.0,299.0,257.0,205.0,360.0,128.0,205.0,311.0,85.0,178.0,319.0,379.0,259.0,157.0,193.0,265.0,260.0,319.0,190.0,250.0,238.0,138.0,250.0,243.0,184.0,268.0,297.0,279.0,285.0,302.0,86.0,181.0,252.0,82.0,345.0,157.0,177.0,264.0,125.0,367.0,198.0,268.0,268.0,159.0,158.0,206.0,88.0,270.0,192.0,265.0,292.0,273.0,0.0,258.0,288.0,291.0
124.0,62.0,116.0,129.0,123.0,260.0,133.0,16.0,71.0,1.0,194.0,193.0,127.0,113.0,136.0,116.0,225.0,137.0,116.0,131.0,119.0,172.0,133.0,80.0,73.0,129.0,113.0,34.0,136.0,180.0,136.0,240.0,25.0,121.0,112.0,136.0,197.0,45.0,228.0,81.0,70.0,15.0,64.0,101.0,111.0,111.0,132.0,180.0,240.0,145.0,173.0,124.0,195.0,117.0,142.0,61.0,11.0,92.0,172.0,182.0,110.0,136.0,188.0,114.0,83.0,191.0,34.0,134.0,112.0,73.0,72.0,87.0,105.0,12.0,24.0,139.0,14.0,19.0,103.0,95.0,59.0,45.0,53.0,110.0,179.0,130.0,63.0,175.0,114.0,131.0,140.0,16.0,161.0,179.0,117.0,80.0,80.0,127.0,136.0,119.0,173.0,36.0,108.0,33.0,115.0,41.0,251.0,0.0,115.0,114.0
114.0,63.0,120.0,119.0,159.0,282.0,122.0,109.0,123.0,106.0,198.0,197.0,116.0,102.0,140.0,108.0,247.0,144.0,106.0,161.0,149.0,194.0,132.0,140.0,42.0,148.0,103.0,117.0,139.0,184.0,31.0,193.0,102.0,6.0,26.0,126.0,225.0,126.0,250.0,59.0,45.0,94.0,65.0,18.0,111.0,141.0,135.0,184.0,193.0,135.0,195.0,135.0,199.0,107.0,131.0,111.0,102.0,98.0,176.0,210.0,99.0,35.0,210.0,144.0,141.0,195.0,99.0,124.0,112.0,46.0,54.0,153.0,105.0,101.0,83.0,138.0,101.0,88.0,103.0,20.0,127.0,124.0,136.0,14.0,201.0,160.0,64.0,197.0,144.0,121.0,130.0,111.0,183.0,183.0,106.0,58.0,52.0,117.0,143.0,149.0,195.0,119.0,98.0,116.0,4.0,124.0,273.0,107.0,0.0,3.0
117.0,66.0,123.0,122.0,162.0,285.0,125.0,112.0,122.0,109.0,197.0,196.0,119.0,105.0,143.0,111.0,250.0,147.0,109.0,164.0,148.0,197.0,135.0,139.0,41.0,151.0,106.0,120.0,142.0,183.0,34.0,196.0,105.0,9.0,29.0,129.0,228.0,129.0,253.0,58.0,44.0,97.0,68.0,21.0,114.0,144.0,138.0,183.0,196.0,138.0,198.0,138.0,198.0,110.0,134.0,110.0,105.0,101.0,175.0,213.0,102.0,34.0,213.0,147.0,140.0,194.0,102.0,127.0,115.0,45.0,53.0,152.0,108.0,104.0,86.0,141.0,104.0,91.0,106.0,23.0,126.0,127.0,139.0,13.0,204.0,163.0,67.0,200.0,143.0,124.0,133.0,114.0,186.0,182.0,109.0,57.0,51.0,120.0,146.0,152.0,198.0,122.0,101.0,119.0,1.0,127.0,276.0,110.0,3.0,0.0
